ID,Year,Games_Won,Games_Lost,Games_Drawn,Points_For,Points_Against,Percentage,Ladder_Position,Finals,Teams,Average_Age,Ladder_Position_Prev,Teams_Prev,Ladder_Position_Next,Teams_Next,Close_Games_Won,Close_Games_Lost,Away_Games_Won,Last_Five,Average_Attendance,Players_Used,Victorian
250,199x,12,10,0,2250,2071,108.64,8,Finalist,16,24.6,14.0,16.0,1,16,5,6,5,2,53944.0,38,True
1035,195x,12,6,0,1485,1205,123.24,3,Finalist,12,24.5,5.0,12.0,12,12,3,3,6,2,26001.0,35,True
605,189x,11,3,0,704,383,183.81,1,Runner-up,8,23.7,,,4,8,3,2,5,4,4000.0,34,True
694,193x,3,15,0,1367,1932,70.76,12,,12,23.7,12.0,12.0,10,12,0,2,1,0,12557.0,38,False
1131,191x,13,1,0,970,678,143.07,1,Premier,8,24.7,3.0,6.0,2,9,6,1,6,5,37689.0,29,False
1019,195x,12,6,0,1323,1018,129.96,5,,12,23.1,2.0,12.0,4,12,3,3,5,3,29209.0,32,True
507,200x,5,17,0,1708,2590,65.95,14,,16,24.1,13.0,16.0,8,16,1,0,2,2,29637.0,36,False
447,196x,14,3,1,1425,1133,125.77,2,Finalist,12,22.9,6.0,12.0,2,12,7,1,6,2,34287.0,35,True
1534,190x,0,17,0,490,1170,41.88,8,,8,23.2,8.0,8.0,5,8,0,2,0,0,,41,True
1563,194x,1,8,1,731,989,73.91,11,,11,25.3,7.0,11.0,9,12,0,1,0,0,7100.0,34,True
317,201x,15,7,0,2154,1754,122.81,5,Finalist,18,24.9,12.0,18.0,8,18,2,2,8,3,49347.0,36,True
1380,195x,9,8,1,1263,1275,99.06,6,,12,22.8,4.0,12.0,11,12,3,2,2,2,27336.0,39,True
442,193x,10,8,0,1600,1580,101.27,6,,12,24.7,7.0,12.0,8,12,2,3,3,2,16000.0,35,True
1443,193x,7,11,0,1386,1488,93.15,7,,12,24.5,12.0,12.0,10,12,1,2,2,1,13028.0,44,True
408,195x,11,7,0,1447,1223,118.32,2,Runner-up,12,23.5,6.0,12.0,5,12,1,3,5,3,32593.0,33,True
433,202x,15,7,0,2131,1599,133.27,4,Finalist,18,25.2,2.0,18.0,6,18,1,2,6,3,18037.0,32,False
380,198x,12,10,0,2189,2026,108.05,5,Finalist,14,24.2,11.0,12.0,5,14,0,3,5,4,26608.0,39,True
56,199x,5,16,1,1860,2453,75.83,16,,16,23.5,8.0,16.0,3,16,1,0,2,1,19913.0,41,False
865,197x,4,18,0,1932,2445,79.02,12,,12,22.8,11.0,12.0,9,12,1,2,1,1,14148.0,35,False
628,201x,12,9,1,1828,1719,106.34,7,Finalist,18,24.9,9.0,18.0,15,18,6,3,5,2,45936.0,35,True
1347,201x,3,19,0,1509,2481,60.82,17,,18,22.7,17.0,17.0,14,18,1,3,1,2,17604.0,44,False
321,201x,12,9,1,1891,1677,112.76,6,Finalist,17,25.1,3.0,16.0,9,18,1,2,6,2,35697.0,38,True
1142,197x,9,12,1,1947,2327,83.67,9,,12,23.0,12.0,12.0,12,12,2,1,5,3,14984.0,31,False
188,197x,1,21,0,1628,2589,62.88,12,,12,21.5,9.0,12.0,6,12,1,1,0,0,12388.0,38,True
959,190x,11,6,0,865,636,136.01,3,Finalist,8,24.4,6.0,8.0,2,8,2,3,5,2,16600.0,35,True
114,189x,10,4,0,685,473,144.82,3,Finalist,8,22.6,,,6,8,2,4,4,1,4933.0,38,True
539,197x,13,8,1,1899,1746,108.76,5,Finalist,12,22.4,9.0,12.0,7,12,2,1,5,4,22353.0,38,True
1160,191x,7,10,1,989,1003,98.6,7,,10,25.4,9.0,10.0,6,10,2,3,3,3,7556.0,36,True
103,193x,12,6,0,1986,1707,116.34,5,,12,24.7,3.0,12.0,3,12,3,0,4,3,22667.0,34,True
1012,191x,5,9,0,752,857,87.75,6,,8,24.1,6.0,6.0,4,9,2,3,3,1,,33,True
1113,197x,7,15,0,1994,2369,84.17,10,,12,22.7,10.0,12.0,11,12,3,2,3,2,17988.0,38,True
1487,192x,1,17,0,1087,1722,63.12,12,,12,23.9,11.0,12.0,12,12,0,2,1,1,7876.0,40,True
273,194x,8,10,0,1397,1552,90.01,8,,12,24.1,10.0,12.0,3,11,3,2,3,1,11062.0,43,False
1587,195x,6,12,0,1277,1471,86.81,10,,12,22.9,6.0,12.0,7,12,2,3,3,2,19799.0,37,True
305,201x,5,17,0,1825,2049,89.07,15,,18,24.3,18.0,18.0,2,18,1,5,3,1,21647.0,34,False
710,191x,4,14,0,802,1347,59.54,9,,10,23.7,5.0,10.0,7,10,2,1,2,2,6460.0,40,True
473,190x,8,9,1,945,930,101.61,6,,10,24.7,7.0,10.0,8,10,1,1,5,1,6425.0,31,True
1061,201x,11,11,0,1857,1913,97.07,10,,18,24.9,7.0,18.0,13,18,3,4,4,2,33156.0,37,True
1156,190x,10,7,1,1023,962,106.34,5,,10,24.2,8.0,10.0,9,10,3,1,5,3,12108.0,38,True
387,193x,15,3,0,1618,1334,121.29,1,Premier,12,25.4,1.0,12.0,4,12,3,1,6,5,23304.0,29,True
824,189x,8,5,1,595,430,138.37,5,,8,25.4,,,5,8,3,2,4,3,,28,False
132,202x,7,15,0,1430,1863,76.76,16,,18,24.4,14.0,18.0,12,18,2,5,3,1,14646.0,38,False
821,201x,13,9,0,2062,1937,106.45,8,Finalist,18,26.3,6.0,18.0,8,18,3,1,6,2,30936.0,34,True
1258,193x,13,5,0,1806,1550,116.52,4,Finalist,12,24.3,8.0,12.0,11,12,0,0,6,3,22248.0,32,True
365,201x,14,8,0,2299,1749,131.45,5,Finalist,18,24.9,9.0,18.0,17,18,0,5,8,4,42440.0,37,True
1433,194x,11,7,1,1738,1546,112.42,5,,12,24.5,2.0,12.0,3,12,1,3,4,1,23200.0,33,True
216,195x,6,12,0,1258,1421,88.53,9,,12,22.7,11.0,12.0,8,12,1,2,3,0,17764.0,39,True
146,198x,19,3,0,2755,1991,138.37,1,Premier,12,25.4,1.0,12.0,5,12,2,0,8,5,30437.0,34,True
1168,201x,6,16,0,1780,2320,76.72,16,,18,22.4,18.0,18.0,11,18,2,4,3,2,16083.0,44,False
1083,199x,12,10,0,2051,1835,111.77,7,Finalist,16,24.8,2.0,16.0,1,16,1,4,4,3,36873.0,33,True
731,190x,14,4,0,1160,814,142.51,2,Runner-up,10,23.5,8.0,8.0,4,10,5,4,6,3,41128.0,34,True
1287,200x,2,19,1,1855,2631,70.51,16,,16,24.2,10.0,16.0,15,16,0,1,0,0,26122.0,38,True
773,190x,8,9,0,727,730,99.59,6,,8,25.2,5.0,8.0,5,8,3,4,5,1,,33,False
590,194x,12,6,0,1743,1571,110.95,5,,12,23.1,8.0,12.0,10,11,3,2,7,3,13697.0,35,True
1018,198x,4,18,0,2201,2575,85.48,10,,12,23.6,2.0,12.0,6,12,1,4,2,1,28928.0,43,True
871,195x,11,7,0,1323,1159,114.15,4,Finalist,12,22.8,5.0,12.0,6,12,4,4,6,3,34177.0,37,True
10,202x,10,12,0,1806,1638,110.26,11,,18,25.5,2.0,18.0,3,18,2,5,3,2,26614.0,37,False
1446,198x,5,17,0,1930,2266,85.17,10,,12,24.3,11.0,12.0,11,12,0,4,2,1,21604.0,40,True
291,202x,16,7,0,2079,1660,125.24,4,Finalist,18,26.3,2.0,18.0,14,18,4,7,7,2,43860.0,34,True
300,202x,7,15,0,1737,2087,83.23,15,,18,24.3,8.0,18.0,11,18,3,3,2,1,39864.0,39,True
622,197x,11,11,0,1858,1989,93.41,6,,12,22.8,11.0,12.0,11,12,6,1,6,4,18044.0,40,True
567,199x,14,8,0,2009,1956,102.71,4,Finalist,16,24.4,16.0,16.0,14,16,2,0,6,4,39673.0,36,True
135,190x,3,14,0,593,925,64.11,7,,8,24.1,4.0,8.0,6,8,1,4,1,1,,35,True
332,190x,6,12,0,825,1282,64.35,8,,10,23.3,9.0,10.0,7,10,3,1,3,1,11935.0,40,True
1318,201x,11,11,0,1930,2208,87.41,9,,16,23.6,13.0,16.0,9,17,3,1,4,3,27436.0,37,True
826,199x,9,12,1,1815,2064,87.94,10,,15,24.4,7.0,14.0,2,15,2,1,2,2,19081.0,38,True
634,201x,6,15,1,1695,2162,78.4,14,,18,24.2,18.0,18.0,9,18,2,3,5,0,26853.0,38,True
1450,202x,17,5,0,1884,1492,126.27,2,Finalist,18,25.4,1.0,18.0,11,18,5,0,9,4,26017.0,35,False
576,191x,12,5,1,1113,1017,109.44,2,Runner-up,10,24.6,2.0,10.0,5,9,6,2,6,4,18468.0,32,False
741,197x,11,11,0,1966,2217,88.68,8,,12,21.6,7.0,12.0,7,12,6,1,4,1,18934.0,42,True
1323,199x,11,11,0,2184,2128,102.63,8,Finalist,16,24.6,3.0,16.0,10,16,1,2,5,2,35347.0,37,False
164,193x,13,5,0,1897,1468,129.22,2,Finalist,12,25.1,1.0,12.0,7,12,2,2,6,3,18524.0,32,True
1603,198x,11,11,0,1959,1958,100.05,7,,14,26.0,7.0,14.0,13,14,4,4,4,4,12966.0,38,False
529,199x,7,15,0,1857,1975,94.03,15,,16,25.0,6.0,15.0,8,16,1,6,3,0,26104.0,34,True
1359,199x,13,9,0,2203,2017,109.22,6,Finalist,15,25.1,1.0,14.0,8,15,3,2,6,2,27883.0,38,True
202,199x,17,5,0,2463,2129,115.69,2,Premier,16,25.1,1.0,16.0,4,16,6,2,7,5,34814.0,34,True
1344,190x,1,16,0,439,1172,37.46,8,,8,23.6,8.0,8.0,8,8,1,2,0,0,,39,True
575,199x,16,6,0,2195,1911,114.86,3,Finalist,15,24.7,7.0,15.0,8,15,6,4,9,3,48116.0,35,True
420,200x,5,16,1,1774,2388,74.29,15,,16,24.1,9.0,16.0,15,16,3,2,4,1,39493.0,40,True
99,200x,11,11,0,2068,2221,93.11,9,,16,23.7,12.0,16.0,4,16,4,4,6,2,38814.0,37,True
1480,201x,17,5,0,2518,1702,147.94,2,Finalist,16,25.6,2.0,16.0,2,17,2,3,7,3,47495.0,35,True
625,196x,5,13,0,1126,1428,78.85,10,,12,21.8,12.0,12.0,8,12,1,3,3,0,20803.0,38,True
162,200x,12,8,2,2326,1982,117.36,7,Finalist,16,23.9,8.0,16.0,7,16,1,2,4,1,34335.0,36,False
429,191x,7,9,0,924,977,94.58,6,,9,25.0,8.0,8.0,6,9,1,1,3,2,,33,True
1169,195x,5,13,0,1438,1904,75.53,11,,12,23.3,10.0,12.0,8,12,2,3,2,2,14778.0,40,False
489,200x,12,10,0,1881,1712,109.87,8,Finalist,16,25.7,2.0,16.0,5,16,2,4,6,3,35891.0,34,False
880,196x,9,10,1,1934,1869,103.48,6,,12,22.8,10.0,12.0,5,12,2,5,5,3,16575.0,34,True
727,199x,13,7,0,2166,1858,116.58,4,Finalist,15,25.7,5.0,15.0,6,15,2,1,6,2,30291.0,32,True
1059,191x,8,6,0,862,740,116.49,3,Finalist,8,25.7,2.0,6.0,3,9,2,3,3,2,36116.0,35,True
459,196x,4,14,0,1200,1742,68.89,12,,12,23.0,5.0,12.0,9,12,1,2,2,2,17122.0,40,True
695,193x,12,6,0,1796,1459,123.1,5,,12,25.4,1.0,12.0,5,12,2,2,4,4,20694.0,27,True
185,201x,5,17,0,1542,2301,67.01,15,,18,24.0,10.0,17.0,15,18,0,0,3,0,23953.0,39,True
400,200x,12,10,0,2267,2038,111.24,8,Finalist,16,24.2,6.0,16.0,4,16,1,3,5,3,56741.0,37,True
1395,201x,16,6,0,2380,1663,143.11,4,Finalist,18,24.3,11.0,18.0,4,18,1,4,7,3,20217.0,35,False
722,190x,8,9,0,809,716,112.99,6,Premier,8,23.8,5.0,8.0,5,8,3,4,2,4,18090.0,32,True
1345,200x,16,6,0,2447,1783,137.24,2,Runner-up,16,25.7,3.0,16.0,11,16,2,2,6,4,36687.0,32,False
811,194x,10,5,0,1435,1166,123.07,1,Premier,11,24.9,2.0,11.0,1,12,1,3,6,4,16863.0,39,True
1608,191x,9,6,1,1074,857,125.32,5,,9,26.3,5.0,8.0,2,9,2,2,3,2,4085.0,33,True
1524,198x,9,13,0,2150,2369,90.76,10,,14,23.8,12.0,12.0,14,14,1,3,1,3,17455.0,39,True
993,191x,13,3,2,1122,865,129.71,1,Premier,10,25.0,6.0,10.0,2,9,7,0,6,4,19080.0,35,True
1236,197x,9,13,0,1987,2253,88.19,10,,12,22.9,8.0,12.0,9,12,5,2,5,1,20806.0,40,True
1489,196x,13,4,1,1626,1320,123.18,5,,12,22.5,5.0,12.0,1,12,2,1,7,3,33862.0,38,True
1404,190x,5,12,0,774,1046,74.0,8,,8,23.4,4.0,8.0,2,10,1,2,1,2,,39,True
737,194x,8,7,0,1405,1340,104.85,6,,11,26.5,7.0,12.0,3,11,1,1,4,2,8933.0,40,True
303,199x,12,10,0,2519,2210,113.98,6,,14,22.7,9.0,14.0,8,15,0,2,6,3,19526.0,35,True
611,201x,2,20,0,1353,2282,59.29,18,,18,24.4,16.0,18.0,16,18,0,1,1,1,34231.0,37,True
1127,200x,15,7,0,2162,1935,111.73,3,Finalist,16,24.0,1.0,16.0,15,16,3,2,7,3,38178.0,34,False
90,200x,12,9,1,2234,2306,96.88,5,Finalist,16,24.0,11.0,16.0,12,16,7,3,5,2,31515.0,37,True
43,196x,5,13,0,1279,1687,75.82,10,,12,21.9,8.0,12.0,9,12,2,2,4,2,20108.0,36,True
137,192x,10,5,1,1091,1003,108.77,3,Premier,9,26.3,5.0,9.0,2,9,5,3,4,5,23007.0,32,True
658,193x,11,7,0,1708,1545,110.55,5,,12,26.0,7.0,12.0,7,12,2,1,5,3,17678.0,34,True
649,201x,12,10,0,1964,1858,105.71,8,Finalist,18,26.6,6.0,18.0,2,18,4,6,4,3,32071.0,34,False
769,196x,10,8,0,1408,1189,118.42,6,,12,22.6,4.0,12.0,1,12,0,4,2,4,25461.0,32,True
1499,192x,12,5,0,1377,1083,127.15,4,Runner-up,12,24.0,6.0,9.0,1,12,2,3,5,3,24758.0,31,True
852,198x,13,9,0,2260,2072,109.07,4,Finalist,12,23.8,6.0,12.0,7,12,2,2,6,3,37244.0,41,True
171,193x,7,11,0,1413,1675,84.36,8,,12,24.7,9.0,12.0,11,12,3,2,2,3,9617.0,34,True
299,196x,15,3,0,1687,1073,157.22,1,Runner-up,12,22.2,2.0,12.0,4,12,1,2,7,4,38329.0,36,True
1532,202x,16,6,0,1839,1763,104.31,4,Finalist,18,25.2,17.0,18.0,1,18,11,3,8,2,52493.0,38,True
1172,194x,12,7,0,1499,1453,103.17,4,Finalist,12,23.9,9.0,12.0,9,12,4,1,5,4,18351.0,37,True
358,194x,10,8,0,1619,1614,100.31,6,,12,26.3,9.0,11.0,3,12,2,1,4,2,11694.0,45,True
586,189x,13,4,0,750,523,143.4,3,Premier,8,23.4,6.0,8.0,1,8,4,0,5,5,14829.0,33,True
1270,193x,12,6,0,1589,1281,124.04,4,Finalist,12,24.8,1.0,12.0,3,12,3,1,4,2,19372.0,31,True
1610,193x,5,13,0,1543,1742,88.58,10,,12,24.6,7.0,12.0,8,12,0,5,2,1,13170.0,41,True
835,200x,7,15,0,1754,2167,80.94,14,,16,24.7,5.0,16.0,4,16,1,3,2,1,28849.0,36,True
947,200x,14,8,0,2557,2159,118.43,3,Runner-up,16,24.2,14.0,16.0,11,16,2,2,5,4,39176.0,35,True
1070,199x,11,9,0,1978,1997,99.05,9,,15,24.4,2.0,15.0,5,15,2,0,5,3,24275.0,37,True
1039,197x,3,19,0,1618,2315,69.89,12,,12,22.4,4.0,12.0,11,12,1,5,2,1,15470.0,46,False
470,194x,8,10,1,1602,1652,96.97,8,,12,25.2,7.0,12.0,10,12,2,4,5,1,19395.0,43,False
385,192x,6,10,1,981,1131,86.74,7,,12,24.6,4.0,9.0,7,12,1,3,3,1,17558.0,39,True
343,198x,7,15,0,1806,2421,74.6,13,,14,26.0,13.0,14.0,10,14,4,4,3,1,14084.0,37,False
859,201x,14,8,0,2093,1651,126.77,6,Finalist,18,24.8,1.0,18.0,6,18,3,3,7,4,37365.0,35,False
1429,198x,19,3,0,2791,1962,142.25,1,Premier,14,25.3,2.0,14.0,1,14,1,0,8,5,26032.0,33,True
1504,200x,14,8,0,2104,1789,117.61,5,Finalist,16,24.6,5.0,16.0,11,16,1,2,7,4,36402.0,34,False
799,200x,17,5,0,2520,1843,136.73,2,Premier,16,25.0,2.0,16.0,3,16,1,3,6,4,32956.0,30,False
970,199x,11,9,0,2086,2060,101.26,8,,15,25.3,3.0,15.0,8,15,1,1,6,1,44406.0,34,True
1620,194x,13,4,1,1886,1438,131.15,1,Runner-up,12,24.7,1.0,11.0,7,12,0,3,6,3,23214.0,34,True
753,197x,11,10,1,2330,2503,93.09,6,,12,24.5,12.0,12.0,12,12,4,0,5,4,26186.0,35,True
338,202x,12,4,1,1135,874,129.86,3,Premier,18,25.7,3.0,18.0,12,18,2,0,5,4,10108.0,33,True
693,192x,5,10,1,908,1073,84.62,7,,9,25.3,5.0,9.0,9,9,1,2,1,1,16337.0,34,False
327,194x,10,9,0,1627,1528,106.48,7,,12,25.5,1.0,12.0,8,12,3,3,4,4,19579.0,44,False
1249,197x,8,14,0,2258,2339,96.54,9,,12,23.7,10.0,12.0,4,12,2,8,3,2,16566.0,38,True
1293,191x,10,7,1,1114,928,120.04,5,,10,24.9,3.0,10.0,1,9,3,2,4,3,8016.0,31,True
174,200x,11,10,1,2185,2223,98.29,10,,16,24.7,7.0,16.0,10,16,5,4,6,2,29812.0,34,True
12,199x,12,10,0,2068,1937,106.76,5,Finalist,16,24.3,7.0,16.0,13,16,3,2,5,1,30934.0,33,False
178,197x,11,11,0,1982,1954,101.43,6,,12,24.1,10.0,12.0,9,12,3,2,4,2,20552.0,32,True
267,200x,15,6,1,2506,2112,118.66,3,Finalist,16,25.0,13.0,16.0,3,16,3,3,7,2,35500.0,32,True
1066,196x,15,5,0,1751,1343,130.38,2,Premier,12,23.1,2.0,12.0,2,12,3,1,7,5,30930.0,34,True
987,198x,15,7,0,2675,2078,128.73,2,Premier,12,25.0,2.0,12.0,2,12,2,2,9,5,26241.0,34,True
1084,195x,8,10,0,1262,1342,94.04,8,,12,22.8,9.0,12.0,7,12,3,3,2,1,17908.0,39,True
144,202x,13,9,1,1922,1697,113.26,5,Finalist,18,25.5,9.0,18.0,8,18,6,0,8,3,53190.0,37,True
564,191x,4,14,0,816,1143,71.39,9,,10,23.8,6.0,10.0,9,10,2,2,1,1,7182.0,42,True
972,195x,13,4,1,1731,1213,142.7,1,Premier,12,24.1,1.0,12.0,1,12,1,2,5,5,34832.0,27,True
971,202x,14,3,0,1185,869,136.36,1,Finalist,18,26.0,10.0,18.0,2,18,2,1,6,4,8658.0,30,False
1565,194x,9,10,0,1722,1540,111.82,8,,12,23.5,9.0,12.0,4,12,0,5,2,1,17869.0,37,True
573,196x,15,5,0,1528,1431,106.78,3,Finalist,12,23.1,3.0,12.0,3,12,5,1,6,3,29014.0,30,True
145,197x,10,12,0,2043,1929,105.91,8,,12,22.8,7.0,12.0,10,12,1,4,4,3,22882.0,40,True
1415,201x,14,8,0,2180,1678,129.92,5,Finalist,18,24.6,7.0,18.0,9,18,2,6,5,3,37633.0,33,False
1245,200x,13,9,0,2081,1897,109.7,4,Runner-up,16,24.1,9.0,16.0,2,16,5,4,4,3,52946.0,32,True
231,201x,13,9,0,1926,1669,115.4,6,Runner-up,18,25.2,7.0,18.0,10,18,5,1,6,4,25352.0,38,False
1569,199x,7,14,1,2360,2778,84.95,12,,15,25.1,13.0,14.0,15,15,2,2,3,1,15490.0,39,False
419,199x,13,7,0,2597,2150,120.79,3,Finalist,15,24.5,12.0,15.0,3,15,1,4,7,2,27213.0,31,True
334,198x,6,16,0,2219,2349,94.47,10,,12,24.3,10.0,12.0,2,12,1,2,2,1,12919.0,40,False
308,196x,16,2,0,1574,1207,130.41,1,Premier,12,22.8,7.0,12.0,5,12,5,0,7,4,37980.0,31,True
1013,196x,7,11,0,1486,1505,98.74,8,,12,22.8,8.0,12.0,9,12,0,4,3,2,20916.0,39,False
1304,196x,15,5,0,2260,1875,120.53,2,Runner-up,12,23.3,2.0,12.0,2,12,4,1,8,2,33930.0,34,True
1513,200x,8,14,0,1899,2082,91.21,13,,16,23.4,2.0,16.0,15,16,3,4,3,2,44437.0,37,True
1502,201x,6,16,0,1580,2134,74.04,15,,18,25.2,7.0,18.0,18,18,4,2,3,1,40652.0,41,True
200,195x,8,10,0,1177,1337,88.03,9,,12,23.0,12.0,12.0,8,12,5,4,3,1,19360.0,35,True
999,198x,7,15,0,1853,2425,76.41,12,,14,22.7,6.0,12.0,2,14,4,3,2,2,24727.0,45,True
588,190x,14,3,0,853,597,142.88,1,Finalist,8,25.6,2.0,8.0,7,8,5,1,7,3,10000.0,33,True
516,199x,11,11,0,2282,1944,117.39,9,,16,23.6,3.0,16.0,13,16,0,3,5,2,38680.0,36,True
620,198x,5,17,0,2199,2667,82.45,14,,14,24.1,10.0,12.0,10,14,1,1,1,1,17715.0,39,True
864,198x,12,10,0,2169,2176,99.68,7,,14,26.0,3.0,14.0,7,14,5,0,6,3,13824.0,37,False
1447,202x,12,10,1,2050,1863,110.04,8,Finalist,18,25.2,3.0,18.0,1,18,5,3,7,3,37034.0,36,False
3,196x,8,10,0,1231,1411,87.24,8,,12,23.7,7.0,12.0,9,12,2,3,3,1,17871.0,38,True
1254,199x,15,6,1,2363,1993,118.56,4,Finalist,16,25.4,2.0,16.0,7,16,3,5,7,3,28517.0,33,True
479,199x,16,6,0,3057,2099,145.64,1,Runner-up,15,24.8,3.0,15.0,7,15,2,1,8,3,36414.0,34,True
330,200x,11,11,0,1938,2107,91.98,10,,16,23.9,6.0,16.0,9,16,5,1,4,2,35296.0,35,True
5,197x,14,8,0,1989,1721,115.57,4,Finalist,12,23.9,2.0,12.0,5,12,1,2,6,4,31059.0,30,True
229,202x,15,6,1,1739,1486,117.03,5,Finalist,18,25.1,11.0,18.0,14,18,3,1,8,4,35579.0,35,False
562,202x,10,12,0,1644,1796,91.54,10,,18,25.8,6.0,18.0,10,18,3,3,5,2,20403.0,39,True
849,193x,11,7,0,1509,1441,104.72,5,,12,25.0,5.0,12.0,8,12,4,2,4,1,19081.0,32,True
41,191x,9,8,1,1243,1052,118.16,7,,10,24.2,4.0,10.0,7,9,0,4,3,2,10068.0,36,True
557,201x,13,8,0,2107,1821,115.71,7,Finalist,18,24.6,10.0,18.0,5,18,3,1,6,3,39432.0,32,False
249,192x,12,4,1,1273,919,138.52,3,Finalist,12,25.1,8.0,9.0,3,12,1,0,5,3,20614.0,31,True
142,196x,4,14,0,1004,1458,68.86,10,,12,22.1,10.0,12.0,12,12,0,1,0,0,17022.0,39,True
1285,202x,10,12,0,1752,1880,93.19,9,,18,25.9,5.0,18.0,17,18,2,3,3,1,30163.0,37,False
1425,197x,16,6,0,2496,2120,117.74,2,Premier,12,23.4,2.0,12.0,7,12,4,3,9,5,27559.0,33,True
1126,201x,14,8,0,2101,1825,115.12,6,Finalist,18,23.7,14.0,18.0,7,18,4,4,5,2,28485.0,40,True
761,195x,1,17,0,861,1897,45.39,12,,12,22.9,12.0,12.0,11,12,1,0,0,0,14698.0,45,True
1192,202x,5,12,0,890,1077,82.64,16,,18,24.0,15.0,18.0,6,18,3,5,2,1,5229.0,39,False
1241,200x,9,13,0,1900,2151,88.33,13,,16,23.5,16.0,16.0,5,16,3,2,0,2,24009.0,34,False
1477,201x,3,19,0,1770,2872,61.63,17,,18,23.3,17.0,18.0,18,18,1,1,1,1,22775.0,40,False
596,201x,7,15,0,1742,2193,79.43,14,,17,23.8,11.0,16.0,2,18,2,3,2,2,30559.0,39,False
1594,201x,2,20,0,1455,2691,54.07,17,,18,24.2,16.0,18.0,17,18,1,0,0,0,24929.0,39,True
676,192x,9,7,0,1128,1085,103.96,4,Finalist,9,24.2,8.0,9.0,5,9,3,3,5,3,16800.0,30,True
895,191x,11,4,1,1143,765,149.41,3,Finalist,9,25.4,3.0,10.0,4,4,2,1,4,3,22841.0,28,True
1500,192x,15,3,0,1559,1035,150.63,1,Premier,12,24.2,1.0,12.0,1,12,3,2,8,4,20987.0,27,True
386,197x,15,7,0,2347,2072,113.27,3,Finalist,12,24.2,1.0,12.0,3,12,3,2,8,3,39223.0,37,True
323,197x,6,16,0,2033,2354,86.36,12,,12,23.2,5.0,12.0,1,12,1,6,2,1,26582.0,40,True
454,199x,12,10,0,2016,2031,99.26,7,,14,23.9,13.0,14.0,10,15,3,1,7,2,20306.0,37,True
328,193x,12,6,0,1877,1504,124.8,3,Finalist,12,25.4,3.0,12.0,5,12,3,5,6,3,23800.0,35,True
1148,193x,15,3,0,1572,1038,151.45,1,Premier,12,24.5,4.0,12.0,5,12,2,3,6,4,18333.0,29,True
1365,189x,9,5,0,509,445,114.38,4,Finalist,8,23.8,,,2,8,4,4,4,3,6000.0,31,True
1225,193x,11,7,0,1624,1464,110.93,5,,12,25.5,3.0,12.0,1,12,3,3,4,5,17135.0,36,True
435,195x,3,15,0,974,1421,68.54,12,,12,23.4,11.0,12.0,9,12,1,1,2,1,10472.0,36,True
568,196x,5,15,0,1413,1710,82.63,10,,12,22.6,12.0,12.0,11,12,1,3,2,2,13999.0,38,True
609,201x,12,10,0,1941,1810,107.24,7,Finalist,18,24.6,13.0,18.0,7,18,2,2,5,3,30476.0,34,True
1533,190x,10,8,0,966,996,96.99,4,Finalist,10,25.1,4.0,8.0,3,10,3,2,3,3,28856.0,32,True
732,192x,7,9,0,1039,1129,92.03,5,,9,25.4,2.0,9.0,8,9,4,3,1,2,21244.0,35,True
915,201x,12,9,1,2044,1847,110.67,7,Finalist,16,24.3,9.0,16.0,3,17,5,4,3,3,41950.0,34,True
1320,195x,8,10,1,1579,1390,113.6,8,,12,23.6,3.0,12.0,4,12,3,6,5,3,21632.0,37,True
912,196x,4,14,0,1193,1655,72.08,11,,12,21.9,12.0,12.0,11,12,1,2,2,2,13468.0,38,True
234,197x,18,4,0,2469,2098,117.68,2,Runner-up,12,23.2,3.0,12.0,2,12,7,1,9,3,38802.0,36,True
803,195x,10,8,0,1452,1314,110.5,5,,12,25.0,7.0,12.0,5,12,3,3,4,5,15340.0,31,True
925,199x,14,8,0,2414,2002,120.58,5,Finalist,14,25.6,1.0,14.0,2,15,2,2,5,3,31761.0,35,True
1082,198x,15,6,1,2647,2024,130.78,3,Runner-up,12,25.7,2.0,12.0,1,12,1,2,6,3,27893.0,32,True
825,197x,7,14,1,2085,2518,82.8,9,,12,21.9,10.0,12.0,10,12,2,3,2,0,20020.0,38,True
68,196x,8,12,0,1434,1709,83.91,8,,12,22.8,7.0,12.0,12,12,7,5,4,1,21507.0,38,True
403,202x,7,15,0,1616,1971,81.99,15,,18,23.9,18.0,18.0,14,18,3,4,2,2,22607.0,37,False
594,191x,13,2,1,1108,770,143.9,2,Premier,9,25.4,1.0,10.0,1,4,4,0,7,5,23442.0,28,True
25,194x,12,7,0,1516,1341,113.05,5,,12,25.2,2.0,12.0,3,12,3,5,6,3,20102.0,37,True
218,198x,4,16,2,1872,2704,69.23,11,,12,23.7,12.0,12.0,10,12,3,0,1,1,21451.0,47,True
1327,190x,7,11,0,932,852,109.39,7,,10,24.6,5.0,8.0,6,10,0,8,4,2,8000.0,33,True
1299,194x,7,12,0,1512,1826,82.8,10,,12,24.1,8.0,12.0,10,12,1,1,4,2,18379.0,38,False
550,199x,12,9,1,2349,2033,115.54,7,,15,24.6,2.0,14.0,3,15,1,0,5,4,32330.0,33,True
1184,195x,6,12,0,1209,1482,81.58,10,,12,23.0,8.0,12.0,10,12,3,3,4,1,21227.0,46,False
744,201x,16,6,0,2123,1823,116.46,4,Finalist,18,24.3,1.0,17.0,6,18,4,0,8,2,56641.0,37,True
87,194x,7,11,0,1549,1760,88.01,9,,12,24.2,10.0,12.0,12,12,4,1,2,3,9346.0,44,True
1461,198x,10,12,0,2197,2180,100.78,7,,12,23.3,4.0,12.0,6,12,3,5,5,1,28598.0,36,True
281,200x,7,15,0,2089,2431,85.93,15,,16,23.2,16.0,16.0,9,16,3,2,4,1,43243.0,37,True
1454,192x,6,12,0,1131,1325,85.36,10,,12,24.7,10.0,12.0,7,12,1,2,3,2,13082.0,39,True
1181,199x,14,7,1,2512,2087,120.36,4,Finalist,15,24.7,9.0,14.0,6,15,2,2,7,4,29703.0,38,True
1462,195x,4,14,0,1136,1515,74.98,11,,12,23.6,12.0,12.0,11,12,2,1,1,0,11222.0,36,True
645,191x,12,6,0,1205,1049,114.87,3,Premier,10,25.2,1.0,10.0,8,10,5,2,6,4,31373.0,31,True
1196,201x,14,8,0,1822,1664,109.5,6,Finalist,18,25.0,6.0,18.0,15,18,5,3,9,3,34342.0,36,False
1512,194x,2,18,0,1305,2097,62.23,12,,12,25.8,9.0,12.0,11,12,1,2,0,0,9100.0,46,True
518,195x,10,6,2,1373,1305,105.21,5,,12,24.5,5.0,12.0,3,12,0,1,5,2,19496.0,31,True
282,190x,9,8,0,935,796,117.46,3,Finalist,8,23.5,6.0,8.0,3,10,2,2,5,2,26100.0,31,True
820,189x,13,4,0,888,451,196.9,1,Runner-up,8,24.7,2.0,8.0,4,8,1,1,6,2,16538.0,34,True
372,199x,16,6,0,2422,1671,144.94,3,Finalist,16,24.6,16.0,16.0,6,16,0,2,8,4,25612.0,36,False
637,200x,10,12,0,2142,2135,100.33,10,,16,24.6,10.0,16.0,5,16,2,4,4,1,28299.0,33,True
2,192x,6,11,1,1335,1558,85.69,9,,12,25.6,8.0,12.0,8,12,1,4,1,2,13941.0,34,True
6,199x,4,18,0,1837,2771,66.29,14,,15,23.4,12.0,14.0,10,15,2,1,1,3,13562.0,41,True
320,193x,4,14,0,1409,1722,81.82,11,,12,23.8,10.0,12.0,3,12,2,3,2,1,12142.0,47,True
1140,198x,8,14,0,1792,2274,78.8,10,,14,25.7,13.0,14.0,14,14,3,0,2,4,11439.0,35,False
1099,191x,3,15,0,863,1333,64.74,9,,10,22.6,8.0,10.0,7,10,2,2,1,0,8457.0,37,True
680,191x,10,8,0,951,837,113.62,5,,10,23.8,8.0,10.0,5,10,3,3,5,2,10050.0,38,True
374,192x,5,10,1,1134,1228,92.35,7,,9,25.7,7.0,9.0,9,12,2,3,2,2,24606.0,32,True
1598,197x,7,15,0,1790,2018,88.7,10,,12,24.0,5.0,12.0,6,12,1,6,4,1,20555.0,35,True
222,196x,13,7,0,2025,2050,98.78,5,,12,22.4,6.0,12.0,8,12,5,1,5,3,20377.0,34,True
1358,190x,6,12,0,940,1275,73.73,9,,10,24.4,,,8,10,5,1,1,2,10333.0,34,True
29,199x,8,14,0,1814,2258,80.34,14,,16,23.7,13.0,15.0,10,16,2,1,6,3,20497.0,39,True
1167,202x,3,14,0,826,1283,64.38,18,,18,24.7,11.0,18.0,15,18,0,2,2,3,7012.0,38,False
994,196x,8,10,0,1258,1417,88.78,7,,12,22.1,11.0,12.0,8,12,5,3,3,2,24658.0,39,True
1483,194x,3,16,0,1153,1886,61.13,12,,12,23.8,11.0,12.0,12,12,2,1,1,1,9054.0,36,True
762,190x,7,10,0,864,1011,85.46,5,,8,24.6,2.0,8.0,7,10,3,3,3,3,,34,True
653,198x,15,7,0,2342,1961,119.43,3,Finalist,14,25.1,1.0,14.0,8,14,3,1,7,2,31917.0,36,True
1573,196x,9,9,0,1365,1386,98.48,7,,12,22.4,9.0,12.0,8,12,2,0,3,2,30220.0,33,True
735,200x,11,11,0,1882,1870,100.64,9,,16,23.7,5.0,16.0,10,16,3,2,6,1,31345.0,33,False
707,196x,5,13,0,1241,1766,70.27,10,,12,22.2,9.0,12.0,6,12,0,0,2,2,15608.0,40,True
1257,194x,14,4,0,1948,1619,120.32,1,Finalist,12,25.8,5.0,12.0,5,11,3,3,7,3,21497.0,30,True
639,190x,7,9,1,816,975,83.69,5,,8,24.4,5.0,8.0,5,8,3,3,3,1,,36,False
975,191x,6,9,0,735,927,79.29,5,,6,24.7,,,7,8,4,1,3,2,,25,True
263,190x,10,7,0,835,738,113.14,4,Finalist,8,24.8,6.0,8.0,4,8,3,3,5,3,16000.0,30,True
27,201x,7,15,0,1568,1978,79.27,14,,18,25.0,18.0,18.0,16,18,2,4,2,1,35657.0,35,True
346,195x,9,8,1,1390,1366,101.76,5,,12,22.6,2.0,12.0,2,12,3,3,3,3,27849.0,37,True
587,197x,11,11,0,1968,2076,94.8,7,,12,23.3,5.0,12.0,5,12,4,3,5,3,19350.0,36,True
49,199x,10,12,0,1978,2021,97.87,10,,16,24.4,6.0,16.0,16,16,2,1,4,1,30853.0,35,True
111,197x,13,9,0,2269,1999,113.51,4,Finalist,12,24.6,1.0,12.0,7,12,4,3,5,4,35017.0,33,True
359,201x,12,10,0,1702,1784,95.4,8,Finalist,18,25.1,11.0,18.0,13,18,5,4,5,1,48704.0,38,True
57,197x,9,13,0,1774,2155,82.32,9,,12,23.0,10.0,12.0,6,12,5,2,4,2,16771.0,37,True
923,198x,13,9,0,2332,2014,115.79,3,Finalist,12,25.4,5.0,12.0,4,12,1,2,7,2,31670.0,36,True
220,199x,5,17,0,1904,2704,70.41,13,,14,25.2,7.0,14.0,12,15,4,1,2,2,13152.0,46,False
125,200x,11,11,0,1933,2029,95.27,9,,16,23.5,12.0,16.0,12,16,4,1,6,1,30285.0,37,True
997,195x,8,9,1,1528,1637,93.34,8,,12,24.6,2.0,12.0,7,12,6,3,4,1,24032.0,35,True
830,191x,2,9,1,711,871,81.63,4,Premier,4,25.5,3.0,9.0,4,6,2,3,1,3,15462.0,33,True
74,199x,8,12,2,2043,2111,96.78,10,,16,24.1,8.0,15.0,11,16,2,2,1,2,46975.0,37,True
1406,199x,16,6,0,2384,1836,129.85,2,Finalist,15,24.3,10.0,15.0,9,15,0,2,6,3,29913.0,34,True
886,198x,5,17,0,2140,2709,79.0,9,,12,24.4,11.0,12.0,12,12,1,3,2,0,23431.0,39,True
1080,196x,12,5,1,1510,1151,131.19,2,Finalist,12,23.8,1.0,12.0,3,12,2,4,7,3,39661.0,32,True
47,198x,6,16,0,1965,2527,77.76,11,,12,23.9,9.0,12.0,11,12,1,3,1,1,20084.0,40,True
1368,194x,11,8,0,1761,1705,103.28,7,,12,23.8,10.0,12.0,9,12,2,2,4,4,13810.0,33,True
536,196x,13,5,0,1625,1323,122.83,3,Runner-up,12,23.0,3.0,12.0,3,12,3,2,5,3,35274.0,33,True
996,192x,8,8,0,947,959,98.75,6,,9,25.6,7.0,9.0,9,9,3,0,3,2,21659.0,32,True
932,193x,11,6,1,1534,1453,105.57,5,,12,25.0,10.0,12.0,8,12,3,2,4,3,18137.0,34,True
991,191x,14,3,1,1256,977,128.56,2,Finalist,10,24.8,1.0,10.0,2,10,3,1,7,3,19030.0,29,False
943,192x,5,13,0,1058,1563,67.69,11,,12,23.6,11.0,12.0,12,12,3,3,2,1,12089.0,36,True
547,197x,6,16,0,2424,2666,90.92,10,,12,24.2,8.0,12.0,6,12,1,2,1,2,18252.0,41,False
1459,201x,8,14,0,1926,2262,85.15,15,,18,24.4,15.0,18.0,14,18,3,2,3,3,23351.0,38,True
618,192x,10,6,0,1189,924,128.68,3,Finalist,9,25.7,3.0,9.0,1,9,1,1,4,4,40282.0,37,True
477,194x,15,5,0,1902,1477,128.77,2,Finalist,12,24.0,10.0,12.0,2,12,2,6,6,3,18979.0,37,True
930,198x,13,9,0,2313,2114,109.41,6,,12,24.8,8.0,12.0,2,12,2,1,6,3,23604.0,35,True
1383,198x,18,4,0,2556,1994,128.18,1,Premier,12,25.0,4.0,12.0,1,12,2,2,9,3,32655.0,34,True
883,194x,4,14,0,1381,1840,75.05,12,,12,24.3,9.0,12.0,9,12,2,1,1,0,8944.0,41,True
1153,201x,11,9,1,1853,1833,101.09,10,,18,25.4,3.0,18.0,2,18,3,0,5,2,34289.0,35,True
62,200x,14,8,0,2143,2078,103.13,5,Finalist,16,23.5,13.0,16.0,9,16,3,0,4,3,30341.0,32,False
1014,191x,10,4,0,956,659,145.07,2,Runner-up,8,25.5,1.0,6.0,1,9,1,3,4,3,33818.0,27,True
94,201x,17,5,0,2134,1800,118.56,3,Finalist,18,25.4,3.0,18.0,12,18,6,1,7,2,42327.0,36,True
681,199x,11,11,0,2277,2187,104.12,8,,14,25.1,8.0,14.0,11,15,0,2,4,2,29036.0,42,True
1129,196x,10,8,0,1275,1234,103.32,6,,12,23.2,4.0,12.0,10,12,5,4,5,3,27375.0,32,True
201,196x,11,7,0,1314,1150,114.26,4,Runner-up,12,22.3,3.0,12.0,9,12,5,4,4,4,38034.0,38,True
289,201x,12,10,0,2347,1903,123.33,9,,18,25.8,6.0,17.0,16,18,0,4,5,3,31604.0,34,True
712,191x,13,5,0,993,812,122.29,2,Premier,10,25.1,3.0,10.0,4,10,4,1,5,5,29966.0,34,True
369,201x,10,12,0,1824,1834,99.45,12,,18,25.2,9.0,18.0,17,18,1,2,4,3,27429.0,35,True
532,199x,14,8,0,2579,2098,122.93,5,Finalist,15,25.5,2.0,15.0,4,15,1,2,8,4,31295.0,33,True
927,191x,1,17,0,721,1383,52.13,10,,10,22.1,6.0,10.0,10,10,0,0,0,0,5919.0,38,True
1146,192x,15,2,0,1564,1024,152.73,1,Premier,12,24.5,5.0,9.0,2,12,5,2,7,4,20256.0,29,True
189,200x,9,13,0,2161,2371,91.14,13,,16,24.5,4.0,16.0,7,16,1,2,5,1,30209.0,37,True
1530,198x,7,15,0,2073,2293,90.41,9,,12,24.1,3.0,12.0,9,12,1,3,1,0,22352.0,41,True
1118,190x,11,6,0,1232,878,140.32,3,Finalist,8,25.4,1.0,8.0,4,8,0,2,5,3,15000.0,32,True
115,189x,12,5,0,931,467,199.36,2,,8,25.1,4.0,8.0,2,8,2,2,5,4,,26,True
950,199x,14,8,0,2415,2009,120.21,6,Finalist,15,24.7,4.0,15.0,12,15,4,2,5,2,35387.0,35,True
44,192x,3,15,0,1085,1476,73.51,11,,12,23.9,12.0,12.0,11,12,2,3,2,0,12115.0,38,True
763,190x,15,2,0,1121,562,199.47,1,Premier,8,26.4,3.0,8.0,1,8,2,0,8,4,24101.0,30,True
1047,199x,7,14,1,2083,2386,87.3,11,,15,24.0,5.0,15.0,10,15,2,2,3,2,26106.0,41,True
211,200x,16,6,0,2473,1918,128.94,3,Finalist,16,24.7,14.0,16.0,1,16,4,2,7,3,27886.0,32,False
1338,191x,5,13,0,952,1048,90.84,8,,10,23.2,6.0,10.0,5,10,0,2,3,1,7318.0,30,True
54,195x,8,9,1,1341,1253,107.02,7,,12,24.2,8.0,12.0,4,12,1,2,4,1,22487.0,34,True
1218,201x,4,18,0,1580,2341,67.49,16,,18,24.0,13.0,17.0,17,18,1,0,2,2,28106.0,38,True
560,195x,15,3,0,1546,1079,143.28,1,Runner-up,12,23.3,1.0,12.0,1,12,2,1,7,2,30858.0,29,True
70,196x,14,4,0,1573,1154,136.31,1,Runner-up,12,22.7,6.0,12.0,2,12,4,1,6,3,36025.0,36,True
1179,193x,14,2,2,1895,1561,121.4,2,Premier,12,23.8,4.0,12.0,2,12,3,0,6,4,22032.0,33,True
1265,201x,7,15,0,1609,1905,84.46,16,,18,24.4,18.0,18.0,11,18,3,4,3,2,39471.0,37,True
1470,201x,15,6,1,2134,1818,117.38,2,Finalist,18,25.2,2.0,18.0,8,18,5,0,6,3,39824.0,36,True
854,201x,15,7,0,1930,1568,123.09,5,Finalist,18,24.7,8.0,18.0,13,18,2,2,9,4,49763.0,38,True
190,201x,3,19,0,1437,2356,60.99,18,,18,25.3,15.0,18.0,7,18,1,1,0,2,36415.0,39,True
143,194x,12,7,0,1726,1582,109.1,4,Finalist,12,24.2,5.0,12.0,5,12,4,1,5,3,24757.0,41,True
814,199x,8,14,0,2314,2299,100.65,12,,16,23.6,15.0,15.0,1,16,0,3,3,3,18957.0,35,False
138,189x,0,17,0,410,1255,32.67,8,,8,23.0,8.0,8.0,8,8,0,1,0,0,,56,True
82,201x,11,11,0,1742,1602,108.74,9,,18,26.0,4.0,18.0,15,18,2,3,4,3,35801.0,34,True
1527,191x,3,11,1,761,954,79.77,6,,6,23.4,3.0,4.0,6,8,0,3,0,1,,36,True
110,199x,9,13,0,2328,2313,100.65,9,,14,23.8,12.0,14.0,4,15,2,4,3,1,27814.0,40,True
1260,195x,10,8,0,1562,1256,124.36,4,Finalist,12,23.8,8.0,12.0,1,12,3,4,5,2,24122.0,35,True
556,196x,13,5,0,1470,1069,137.51,5,,12,22.9,1.0,12.0,3,12,1,2,6,3,30402.0,31,True
834,194x,10,5,0,1345,1234,109.0,3,Finalist,11,26.4,6.0,11.0,2,12,4,1,3,3,14953.0,42,True
492,191x,15,2,1,1207,677,178.29,1,Premier,10,25.0,4.0,10.0,3,10,5,1,7,5,26043.0,31,True
172,198x,5,17,0,2174,2661,81.7,11,,12,24.3,1.0,12.0,5,12,1,2,3,2,17675.0,43,True
255,198x,16,6,0,2323,1821,127.57,4,Finalist,12,24.5,7.0,12.0,4,12,2,4,8,3,34821.0,35,True
316,195x,5,12,1,1368,1551,88.2,12,,12,22.6,3.0,12.0,12,12,2,3,2,1,20628.0,41,True
458,199x,13,9,0,1969,1770,111.24,5,Finalist,16,24.7,4.0,16.0,7,16,0,2,5,2,31013.0,37,False
1469,196x,13,4,1,1485,1137,130.61,1,Runner-up,12,23.3,9.0,12.0,5,12,3,1,6,2,33944.0,33,True
344,196x,9,9,0,1379,1267,108.84,6,,12,23.6,3.0,12.0,4,12,2,5,4,3,26836.0,33,True
935,202x,18,5,0,2142,1687,126.97,1,Premier,18,26.1,4.0,18.0,9,18,8,1,8,4,64429.0,37,True
100,202x,7,13,2,1629,1912,85.2,14,,18,24.8,15.0,18.0,13,18,2,2,3,3,21114.0,38,True
862,200x,12,10,0,2011,1999,100.6,9,,16,24.3,10.0,16.0,15,16,5,2,5,4,31181.0,36,True
1599,193x,14,3,1,1834,1355,135.35,2,Finalist,12,24.8,4.0,12.0,9,12,2,1,6,2,16835.0,30,True
754,194x,13,4,1,1678,1280,131.09,2,Premier,12,26.7,3.0,11.0,6,12,3,1,5,5,17025.0,44,True
1005,194x,4,15,0,1332,1902,70.03,11,,12,25.0,12.0,12.0,12,12,1,1,2,1,11474.0,45,True
960,201x,13,9,0,2017,1863,108.27,5,Finalist,16,25.1,12.0,16.0,7,17,3,4,6,4,30593.0,36,False
431,193x,12,6,0,1572,1339,117.4,4,Finalist,12,25.6,1.0,12.0,6,12,2,2,5,3,23651.0,31,True
105,197x,12,10,0,2251,2166,103.92,4,Finalist,12,23.2,11.0,12.0,8,12,6,3,2,2,25925.0,29,True
446,194x,11,8,0,1724,1688,102.13,6,,12,24.9,4.0,12.0,1,12,4,2,3,2,26000.0,36,True
76,196x,13,5,0,1680,1136,147.89,3,Finalist,12,22.7,3.0,12.0,1,12,2,3,4,4,40010.0,31,True
1452,201x,12,10,0,1780,1654,107.62,10,,18,25.5,5.0,18.0,10,18,3,4,5,1,33669.0,34,False
1580,200x,13,8,1,2146,1957,109.66,7,Finalist,16,24.8,7.0,16.0,14,16,4,2,5,2,36699.0,35,True
1471,201x,13,8,1,1898,1661,114.27,7,Finalist,18,25.1,4.0,18.0,6,18,2,2,5,2,23040.0,38,False
311,194x,12,3,0,1426,1122,127.09,1,Premier,11,25.0,4.0,12.0,2,11,3,1,4,4,14083.0,31,True
1399,199x,7,15,0,1988,2530,78.58,11,,14,23.5,14.0,14.0,13,15,0,0,2,1,20233.0,38,True
1367,198x,11,11,0,1880,1803,104.27,8,,14,23.7,7.0,14.0,13,14,1,3,4,3,15910.0,41,True
1326,194x,10,9,0,1769,1564,113.11,6,,12,24.6,1.0,12.0,2,12,3,4,5,3,23335.0,34,True
844,197x,12,10,0,2024,1922,105.31,5,Finalist,12,23.3,4.0,12.0,10,12,1,2,4,3,27414.0,33,True
779,191x,10,7,1,1008,952,105.88,5,,10,24.6,9.0,10.0,6,10,1,0,3,2,6322.0,30,True
750,190x,10,8,0,955,942,101.38,3,Finalist,10,24.7,3.0,8.0,10,10,3,0,4,2,25531.0,36,True
398,195x,10,8,0,1551,1327,116.88,6,,12,23.5,6.0,12.0,9,12,1,3,5,4,22864.0,33,True
242,193x,13,5,0,1531,1297,118.04,4,Finalist,12,23.9,7.0,12.0,2,12,7,3,6,2,24131.0,33,False
1349,193x,3,15,0,1145,1395,82.08,11,,12,23.9,10.0,12.0,12,12,0,7,1,0,9923.0,37,True
274,200x,12,9,1,2031,1698,119.61,7,Finalist,16,25.3,4.0,16.0,6,16,1,2,4,2,36407.0,33,False
314,202x,15,7,0,1994,1501,132.84,5,Runner-up,18,25.2,7.0,18.0,8,18,3,2,8,3,25018.0,41,True
896,199x,13,9,0,2188,2005,109.13,6,Finalist,15,24.9,4.0,15.0,15,16,1,0,6,3,27999.0,33,True
122,191x,9,9,0,912,995,91.66,7,,10,24.8,4.0,10.0,3,10,2,2,3,3,8618.0,32,True
1313,196x,11,7,0,1251,1192,104.95,5,,12,23.0,7.0,12.0,1,12,4,3,7,5,17835.0,36,True
688,195x,11,6,1,1355,1361,99.56,3,Finalist,12,24.0,7.0,12.0,11,12,5,0,5,3,20413.0,36,True
256,192x,6,12,0,1081,1427,75.75,9,,12,24.4,6.0,12.0,7,12,2,3,3,2,14597.0,40,True
1180,198x,12,10,0,2621,2537,103.31,7,,12,24.0,9.0,12.0,11,12,1,4,5,2,17659.0,31,False
1206,200x,14,8,0,2447,2304,106.21,4,Finalist,16,25.3,2.0,16.0,13,16,6,1,6,2,33471.0,36,True
73,194x,11,8,1,1730,1452,119.15,6,,12,26.3,2.0,12.0,8,12,3,4,7,3,14125.0,39,True
96,202x,11,10,1,1768,1773,99.72,7,Finalist,18,25.2,10.0,18.0,16,18,4,3,7,4,15051.0,39,False
973,193x,12,6,0,1161,1054,110.15,5,,12,25.1,11.0,12.0,7,12,5,2,7,5,17625.0,31,True
35,202x,5,12,0,1004,1194,84.09,15,,18,26.0,9.0,18.0,14,18,1,2,2,1,7427.0,40,True
817,199x,4,18,0,1477,2429,60.81,16,,16,24.9,14.0,16.0,4,16,0,2,2,1,27896.0,38,True
1408,199x,9,13,0,1977,2170,91.11,12,,16,23.6,9.0,16.0,9,16,3,3,3,1,40234.0,36,True
460,189x,4,13,0,415,692,59.97,7,,8,24.5,7.0,8.0,7,8,1,1,1,2,,35,True
457,196x,7,11,0,1126,1283,87.76,9,,12,22.0,5.0,12.0,7,12,1,1,3,1,21824.0,40,True
789,202x,9,8,0,1063,986,107.81,9,,18,25.3,17.0,18.0,1,18,3,2,5,3,2877.0,36,True
733,193x,7,11,0,1589,1660,95.72,8,,12,25.0,5.0,12.0,7,12,3,3,1,1,15937.0,35,True
1015,193x,6,11,1,1527,1698,89.93,9,,12,24.2,1.0,12.0,12,12,2,1,1,1,16008.0,36,False
1237,194x,10,9,0,1733,1485,116.7,6,,12,23.8,5.0,12.0,6,12,3,1,4,3,18654.0,38,True
1221,199x,16,6,0,2660,2021,131.62,3,Finalist,15,25.0,10.0,14.0,1,15,1,3,7,3,27430.0,36,True
1116,195x,8,10,0,1382,1391,99.35,8,,12,23.7,5.0,12.0,7,12,4,5,3,3,25291.0,37,True
79,200x,15,7,0,2174,1778,122.27,4,Finalist,16,24.0,8.0,16.0,1,16,2,2,9,2,56943.0,37,True
86,198x,3,19,0,2066,3035,68.07,12,,12,23.2,11.0,12.0,7,12,1,2,1,0,17583.0,41,True
1491,191x,9,9,0,985,996,98.9,6,,10,26.0,7.0,10.0,9,10,4,3,3,2,7088.0,35,True
84,199x,10,11,1,1858,1943,95.63,9,,16,24.0,13.0,16.0,8,16,4,2,5,5,33340.0,34,True
469,192x,14,4,0,1483,1102,134.57,2,Runner-up,12,24.2,7.0,12.0,2,12,3,1,7,3,24053.0,31,True
1052,200x,12,10,0,2602,2222,117.1,6,Finalist,16,23.9,3.0,16.0,2,16,1,3,5,4,26951.0,36,False
691,202x,11,11,0,1953,1790,109.11,8,Finalist,18,24.8,13.0,18.0,15,18,1,5,6,3,27790.0,37,True
1557,191x,10,8,0,1264,1016,124.41,5,,10,24.3,4.0,10.0,4,10,0,3,4,4,6193.0,27,True
1264,197x,2,20,0,1513,2323,65.13,11,,12,22.1,12.0,12.0,12,12,0,2,0,0,14659.0,45,False
448,200x,12,10,0,2282,2228,102.42,8,Finalist,16,24.3,8.0,16.0,13,16,3,1,6,3,46165.0,34,True
788,190x,10,7,0,867,741,117.0,3,Finalist,8,25.3,1.0,8.0,1,8,5,4,6,4,25000.0,31,True
891,192x,8,10,0,1178,1564,75.32,7,,12,23.7,9.0,12.0,6,12,6,1,2,2,14083.0,38,True
659,191x,13,5,0,1158,984,117.68,3,Finalist,10,24.8,7.0,10.0,5,10,4,2,6,1,20583.0,28,True
884,194x,9,9,0,1358,1402,96.86,7,,12,24.7,8.0,11.0,1,12,1,3,4,3,13750.0,43,False
941,192x,6,11,1,1268,1464,86.61,9,,12,23.7,7.0,12.0,11,12,3,2,1,0,14077.0,41,True
1038,199x,5,17,0,1981,2403,82.44,15,,16,24.0,15.0,16.0,12,16,0,3,2,0,23729.0,39,False
1441,199x,16,6,0,2558,1939,131.92,2,Runner-up,16,24.2,4.0,15.0,7,16,2,4,8,3,36149.0,32,True
1212,190x,7,9,2,902,901,100.11,7,,10,22.4,6.0,10.0,6,10,1,2,4,1,9292.0,36,True
414,200x,10,12,0,2184,2394,91.23,12,,16,24.4,15.0,16.0,12,16,6,2,4,1,49484.0,39,True
1601,199x,17,5,0,2526,1815,139.17,1,Runner-up,14,25.0,2.0,14.0,6,15,3,2,9,3,34808.0,37,True
1600,200x,14,8,0,2142,1862,115.04,4,Finalist,16,24.8,11.0,16.0,6,16,1,1,6,3,32586.0,32,False
1291,197x,17,5,0,2574,2083,123.57,2,Finalist,12,25.9,1.0,12.0,4,12,3,0,10,3,29300.0,37,True
108,199x,16,6,0,2526,1982,127.45,2,Premier,16,25.1,6.0,16.0,7,16,2,0,8,4,37827.0,35,True
624,201x,12,10,0,2035,1934,105.22,9,,18,24.5,11.0,18.0,5,18,3,3,6,2,37872.0,36,True
953,193x,11,7,0,1760,1559,112.89,6,,12,23.6,3.0,12.0,4,12,3,3,3,4,16126.0,39,True
704,193x,10,8,0,1495,1417,105.5,6,,12,24.6,6.0,12.0,6,12,2,2,4,3,15797.0,32,True
1063,199x,9,13,0,2203,2142,102.85,11,,16,23.9,10.0,16.0,10,16,1,2,3,2,42042.0,35,True
846,192x,14,2,0,1272,888,143.24,2,Finalist,9,25.9,5.0,9.0,5,9,3,0,8,4,22360.0,32,True
1238,197x,11,11,0,2194,2002,109.59,7,,12,22.6,6.0,12.0,3,12,1,3,4,1,19114.0,33,True
1057,198x,13,9,0,2323,2207,105.26,7,,12,25.2,3.0,12.0,1,12,2,4,6,3,35406.0,35,True
64,201x,16,6,0,2452,1548,158.4,3,Premier,18,26.3,2.0,18.0,3,18,1,4,8,4,44369.0,33,True
290,196x,13,5,0,1361,1205,112.95,4,Runner-up,12,23.5,8.0,12.0,6,12,6,1,6,2,40654.0,31,True
874,190x,14,3,0,1171,763,153.47,1,Premier,8,24.7,3.0,8.0,1,8,2,1,8,5,29718.0,34,True
796,193x,6,12,0,1205,1558,77.34,10,,12,24.5,10.0,12.0,11,12,3,2,1,2,11485.0,37,True
1514,197x,4,18,0,1574,1989,79.14,12,,12,22.8,8.0,12.0,9,12,0,5,2,1,13675.0,41,True
245,192x,12,6,0,1408,1184,118.92,5,,12,25.6,8.0,12.0,6,12,3,4,6,4,19554.0,30,False
230,198x,17,5,0,2240,1705,131.38,2,Finalist,14,24.7,6.0,14.0,1,14,2,2,7,2,31244.0,37,True
151,197x,10,11,1,2170,2141,101.35,7,,12,23.5,5.0,12.0,11,12,0,1,4,3,16729.0,33,True
1510,198x,13,9,0,2068,2063,100.24,4,Finalist,12,24.0,9.0,12.0,11,14,6,1,5,4,22329.0,39,True
383,195x,9,9,0,1592,1412,112.75,7,,12,23.2,6.0,12.0,5,12,2,7,3,4,16734.0,37,True
1420,190x,13,4,0,885,625,141.6,2,Runner-up,8,25.7,2.0,8.0,6,8,6,1,8,4,22437.0,33,True
123,197x,18,4,0,2333,1709,136.51,1,Runner-up,12,22.2,1.0,12.0,4,12,6,3,7,4,36843.0,37,True
1612,200x,16,6,0,2443,1909,127.97,3,Finalist,16,24.0,11.0,16.0,4,16,1,2,6,2,38209.0,34,True
1217,201x,10,12,0,1776,1761,100.85,11,,18,26.0,12.0,18.0,18,18,1,2,5,1,35833.0,36,False
257,193x,4,14,0,1274,1679,75.88,11,,12,24.3,12.0,12.0,12,12,2,4,0,1,10534.0,38,True
1560,192x,10,6,0,1232,1092,112.82,4,Finalist,9,25.6,1.0,9.0,7,9,4,4,3,4,24669.0,32,True
1310,201x,15,7,0,1972,1642,120.1,4,Finalist,18,25.6,12.0,18.0,9,18,6,2,7,3,40678.0,36,True
1022,198x,7,15,0,2068,2670,77.45,11,,12,24.3,7.0,12.0,10,12,1,0,1,0,14355.0,39,False
9,196x,12,6,0,1465,1102,132.94,4,Premier,12,23.8,3.0,12.0,4,12,2,2,6,4,35121.0,31,True
461,201x,9,13,0,1910,1998,95.6,12,,18,24.4,12.0,18.0,13,18,1,2,3,2,44191.0,39,True
1011,198x,17,5,0,2576,2128,121.05,2,Finalist,12,25.3,1.0,12.0,1,12,3,2,8,3,33689.0,32,True
725,201x,8,14,0,1713,2155,79.49,13,,18,24.4,5.0,18.0,3,18,2,4,2,1,40961.0,41,True
262,193x,13,4,1,1915,1571,121.9,4,Finalist,12,24.7,6.0,12.0,2,12,4,3,6,2,19465.0,34,True
905,200x,5,16,1,1785,2271,78.6,15,,16,24.0,15.0,16.0,11,16,1,6,1,0,26596.0,35,True
608,197x,12,10,0,1949,1903,102.42,5,,12,22.9,3.0,12.0,10,12,2,2,4,2,23032.0,33,True
399,194x,1,17,1,1221,2079,58.73,12,,12,24.4,11.0,12.0,12,12,1,3,1,0,10266.0,47,True
1478,192x,5,11,0,1098,1301,84.4,7,,9,25.5,8.0,9.0,4,9,1,3,1,3,2732.0,30,True
1301,194x,2,12,0,1120,1474,75.98,10,,11,23.1,5.0,12.0,10,11,0,3,1,1,6071.0,39,True
572,197x,3,17,2,1966,2676,73.47,12,,12,24.2,9.0,12.0,6,12,1,3,2,0,17302.0,38,True
933,193x,2,16,0,1392,1806,77.08,12,,12,24.5,6.0,12.0,10,12,1,4,0,1,12554.0,37,True
1393,196x,14,4,0,1690,1213,139.32,2,Finalist,12,22.8,6.0,12.0,2,12,1,2,8,2,36942.0,33,True
964,196x,14,4,0,1641,1149,142.82,2,Premier,12,23.0,1.0,12.0,5,12,3,1,5,4,39069.0,33,True
472,191x,9,8,1,1110,1100,100.91,6,,10,25.1,2.0,10.0,1,10,1,2,4,2,10016.0,36,True
740,199x,13,9,0,2172,1763,123.2,5,Premier,16,24.6,4.0,16.0,13,16,3,5,5,4,38642.0,38,False
1550,200x,15,7,0,1974,1696,116.39,3,Premier,16,25.5,6.0,16.0,4,16,5,3,6,4,37050.0,32,False
150,197x,19,3,0,2772,1986,139.58,1,Premier,12,25.5,4.0,12.0,2,12,2,2,9,4,36393.0,31,True
513,201x,15,7,0,2046,1699,120.42,3,Runner-up,18,25.1,13.0,18.0,4,18,3,2,8,3,55371.0,39,True
948,198x,7,15,0,2133,2599,82.07,9,,12,24.4,6.0,12.0,6,14,0,2,2,2,17813.0,41,True
1186,200x,14,8,0,2345,1965,119.34,5,Finalist,16,24.5,15.0,16.0,6,16,1,1,5,3,54316.0,36,True
756,195x,7,10,1,1193,1342,88.9,7,,12,22.6,8.0,12.0,3,12,3,2,4,2,16823.0,37,True
1496,200x,8,14,0,1950,2039,95.64,12,,16,25.3,6.0,16.0,1,16,1,3,3,3,34370.0,37,False
890,190x,12,5,0,1085,582,186.43,2,Premier,8,25.0,3.0,8.0,2,8,3,4,6,5,22516.0,32,True
748,197x,9,13,0,2056,2282,90.1,9,,12,24.6,6.0,12.0,12,12,1,1,4,1,21027.0,32,True
553,196x,7,13,0,1745,2118,82.39,10,,12,22.6,11.0,12.0,9,12,3,0,3,3,13786.0,40,True
184,199x,14,6,2,2464,1931,127.6,4,Finalist,16,24.5,10.0,15.0,6,16,2,2,5,2,47739.0,36,True
1562,195x,4,13,1,1170,1330,87.97,11,,12,23.1,12.0,12.0,9,12,2,3,2,1,18994.0,42,True
714,193x,11,7,0,1884,1498,125.77,5,,12,24.2,9.0,12.0,1,12,2,2,3,5,10540.0,33,True
1506,192x,12,4,0,1178,922,127.77,1,Runner-up,9,24.5,3.0,9.0,5,9,5,5,5,3,25645.0,33,True
1130,201x,11,11,0,2125,1992,106.68,8,Finalist,18,24.8,10.0,18.0,13,18,3,4,6,3,46406.0,38,True
1003,201x,12,9,1,1897,1735,109.34,7,Finalist,17,24.8,5.0,16.0,3,18,4,4,6,4,29013.0,35,False
1029,192x,7,11,0,1480,1675,88.36,8,,12,25.0,9.0,12.0,11,12,3,3,4,3,14948.0,38,True
1614,198x,11,11,0,2112,2239,94.33,6,,12,24.3,9.0,12.0,6,12,0,0,4,2,21928.0,41,True
7,193x,3,15,0,1188,1851,64.18,12,,12,24.3,11.0,12.0,9,12,3,2,2,0,10356.0,41,True
1268,194x,11,7,0,1645,1599,102.88,4,Finalist,12,24.9,7.0,12.0,10,12,4,1,5,1,11366.0,31,True
682,198x,9,12,1,2075,2318,89.52,9,,14,24.3,5.0,12.0,6,14,1,2,4,1,22649.0,39,True
1256,193x,7,11,0,1582,1713,92.35,7,,12,24.4,2.0,12.0,4,12,1,1,0,1,10717.0,33,True
367,196x,12,6,0,1629,1232,132.22,4,Finalist,12,22.2,1.0,12.0,7,12,1,4,5,2,33477.0,33,True
801,201x,4,18,0,1557,2306,67.52,17,,18,23.8,15.0,18.0,17,18,2,0,1,2,21244.0,40,False
752,195x,12,6,0,1528,1235,123.72,2,Premier,12,22.9,5.0,12.0,3,12,4,3,5,3,39567.0,35,True
339,199x,10,12,0,1978,2045,96.72,11,,16,25.6,5.0,16.0,11,16,1,3,3,2,39653.0,38,True
1137,199x,4,16,0,1753,2480,70.69,14,,15,23.1,13.0,15.0,9,15,0,1,1,0,24202.0,41,True
981,190x,14,3,0,985,574,171.6,2,Runner-up,8,24.3,3.0,8.0,1,8,2,2,6,4,23682.0,27,True
1402,192x,4,13,0,1132,1368,82.75,11,,12,26.3,,,10,12,2,3,1,1,15127.0,37,True
1210,197x,15,7,0,2131,2037,104.61,4,Finalist,12,22.8,1.0,12.0,5,12,5,3,8,1,32020.0,35,True
265,198x,6,16,0,2113,2666,79.26,13,,14,25.2,,,13,14,1,0,3,1,11112.0,41,False
1008,195x,10,8,0,1506,1476,102.03,6,,12,23.6,6.0,12.0,6,12,4,4,3,3,22389.0,33,True
1273,196x,9,9,0,1159,1140,101.67,6,,12,23.1,8.0,12.0,3,12,3,4,4,2,23247.0,33,True
382,196x,10,8,0,1317,1190,110.67,6,,12,23.1,10.0,12.0,6,12,1,2,5,1,27386.0,36,True
1328,193x,15,3,0,1928,1502,128.36,1,Premier,12,24.2,5.0,12.0,1,12,4,0,8,5,21456.0,34,True
424,199x,10,12,0,2053,2033,100.98,10,,16,23.7,14.0,16.0,1,16,1,1,4,3,27636.0,33,True
148,190x,10,6,1,804,762,105.51,2,Runner-up,8,25.5,3.0,8.0,3,8,5,3,4,2,24344.0,38,True
538,199x,16,6,0,2339,2066,113.21,4,Finalist,14,24.1,4.0,14.0,5,15,3,2,7,4,30891.0,37,True
1297,200x,13,9,0,1938,1804,107.43,6,Finalist,16,24.6,4.0,16.0,3,16,4,3,5,4,31825.0,33,False
239,194x,14,5,0,1876,1528,122.77,2,Runner-up,12,25.0,1.0,12.0,1,12,4,2,7,2,27314.0,36,True
1214,201x,16,6,0,1892,1664,113.7,3,Premier,18,24.7,1.0,18.0,3,18,2,0,7,5,54011.0,39,True
1537,200x,6,16,0,1988,2121,93.73,14,,16,25.2,11.0,16.0,14,16,0,8,2,2,31819.0,38,False
452,201x,10,12,0,2055,1939,105.98,10,,18,24.6,9.0,18.0,5,18,0,3,6,2,31376.0,37,False
545,202x,10,7,0,1103,1034,106.67,7,Finalist,18,24.9,7.0,18.0,5,18,2,2,5,3,4370.0,40,True
1466,194x,14,4,0,1993,1701,117.17,2,Premier,12,24.5,1.0,12.0,8,11,3,0,7,4,20352.0,36,True
233,195x,7,11,0,1340,1454,92.16,8,,12,23.2,9.0,12.0,8,12,3,2,1,2,22080.0,34,True
1117,201x,12,10,0,1950,1790,108.94,9,,18,25.0,15.0,18.0,12,18,3,4,5,3,25896.0,31,True
235,201x,16,6,0,2483,1795,138.33,5,Finalist,18,25.0,7.0,18.0,1,18,1,2,7,3,39233.0,29,False
1385,191x,3,11,0,547,852,64.2,8,,8,25.2,,,6,9,1,1,0,2,,40,True
1444,197x,17,5,0,2383,1735,137.35,1,Runner-up,12,23.1,3.0,12.0,2,12,2,2,8,1,23739.0,34,True
219,193x,1,17,0,1208,1856,65.09,12,,12,25.3,12.0,12.0,11,12,1,5,1,1,9032.0,42,True
908,199x,11,11,0,2075,2119,97.92,10,,15,23.7,1.0,15.0,4,16,5,1,2,2,42698.0,40,True
81,193x,15,3,0,1627,1153,141.11,2,Runner-up,12,24.5,3.0,12.0,2,12,3,0,8,3,23141.0,29,True
154,196x,13,5,0,1319,1088,121.23,3,Finalist,12,22.5,4.0,12.0,3,12,3,0,6,3,26867.0,33,True
832,200x,12,10,0,2171,2266,95.81,7,Finalist,16,25.0,5.0,16.0,7,16,3,0,6,3,37275.0,34,True
1036,200x,9,13,0,1962,2120,92.55,9,,16,23.1,2.0,16.0,7,16,3,2,4,1,40581.0,38,True
1366,200x,4,18,0,1670,2535,65.88,15,,16,23.4,3.0,16.0,11,16,1,2,0,1,34452.0,38,False
686,193x,14,3,1,1958,1383,141.58,3,Finalist,12,24.8,5.0,12.0,3,12,1,2,6,4,24358.0,33,True
1251,190x,9,7,1,716,610,117.38,5,,8,23.7,6.0,8.0,4,8,5,2,3,3,,36,True
570,197x,11,11,0,1728,1894,91.24,7,,12,22.1,11.0,12.0,8,12,4,3,3,3,19054.0,39,True
1419,194x,4,15,0,1505,2124,70.86,10,,12,24.4,11.0,12.0,7,12,1,0,0,1,11026.0,36,True
139,192x,5,12,0,1030,1370,75.18,10,,12,25.0,,,12,12,2,1,2,2,11262.0,33,True
1200,201x,7,15,0,1573,2044,76.96,13,,18,24.2,17.0,18.0,11,18,0,2,3,1,29760.0,39,True
961,189x,11,6,0,855,513,166.67,4,,8,23.7,1.0,8.0,2,8,2,2,3,3,,34,True
1378,200x,3,18,1,2021,2469,81.86,15,,16,24.0,13.0,16.0,12,16,0,5,0,1,42524.0,36,True
843,201x,17,5,0,1857,1564,118.73,1,Finalist,18,25.6,4.0,18.0,16,18,6,1,8,2,32208.0,38,False
418,193x,9,9,0,1553,1553,100.0,7,,12,23.9,8.0,12.0,7,12,3,0,4,3,14500.0,36,False
378,198x,7,14,1,2361,2638,89.5,11,,14,23.0,4.0,14.0,9,14,0,2,2,1,15662.0,45,True
520,200x,14,8,0,2183,1998,109.26,4,Finalist,16,24.1,14.0,16.0,7,16,2,1,8,3,33418.0,33,True
1280,199x,10,12,0,1883,2253,83.58,13,,16,23.6,9.0,16.0,9,16,5,0,2,4,35614.0,37,True
517,189x,6,10,1,624,695,89.78,6,,8,23.2,3.0,8.0,5,8,1,2,2,1,,44,True
1440,189x,3,13,1,419,846,49.53,7,,8,24.3,7.0,8.0,7,8,1,2,1,1,,40,True
357,196x,6,12,0,1065,1178,90.41,10,,12,21.4,12.0,12.0,4,12,2,3,3,1,19630.0,39,True
1434,194x,13,6,0,1616,1308,123.55,3,Finalist,12,23.5,3.0,12.0,7,12,5,2,5,2,23666.0,31,True
396,194x,5,10,0,1217,1358,89.62,10,,11,23.7,10.0,11.0,10,12,1,2,1,2,8883.0,49,True
0,200x,9,12,1,2123,1976,107.44,11,,16,25.4,7.0,16.0,4,16,2,6,3,4,27349.0,34,False
1077,193x,11,7,0,1520,1555,97.75,7,,12,24.5,7.0,12.0,9,12,3,0,3,3,16946.0,35,True
370,199x,9,13,0,2166,2398,90.33,10,,15,24.2,14.0,15.0,11,15,1,1,4,1,16840.0,34,True
918,194x,7,12,0,1211,1444,83.86,9,,12,23.6,4.0,12.0,10,12,3,3,1,2,14490.0,39,True
848,199x,14,8,0,2100,2062,101.84,3,Finalist,16,24.0,15.0,16.0,2,16,2,3,7,4,30143.0,36,True
1529,202x,6,10,1,938,1185,79.16,13,,18,25.2,8.0,18.0,8,18,3,2,4,1,5480.0,38,True
487,193x,4,14,0,1164,1535,75.83,11,,12,24.0,9.0,12.0,5,12,1,3,1,1,12971.0,38,True
1386,198x,2,20,0,1846,2566,71.94,12,,12,23.7,12.0,12.0,10,14,0,1,0,0,15609.0,40,True
59,197x,5,16,1,1705,2551,66.84,9,,12,21.6,12.0,12.0,12,12,2,1,0,1,12671.0,40,True
652,194x,10,4,0,1361,1132,120.23,5,,11,25.6,1.0,12.0,4,11,1,1,4,5,11643.0,33,True
1412,192x,12,6,0,1303,1048,124.33,4,Finalist,12,25.4,2.0,12.0,8,12,4,3,6,3,22571.0,31,True
1135,201x,9,13,0,1579,1718,91.91,13,,18,24.7,14.0,18.0,12,18,4,4,2,1,33746.0,37,False
667,201x,6,16,0,1983,2264,87.59,15,,18,24.4,8.0,18.0,9,18,1,5,3,2,25196.0,37,True
179,194x,4,15,0,1272,1730,73.53,11,,12,23.5,12.0,12.0,9,12,2,2,0,3,11295.0,38,True
462,195x,4,13,1,1149,1580,72.72,12,,12,23.4,9.0,12.0,12,12,1,2,2,1,16678.0,41,True
131,195x,12,6,0,1435,1099,130.57,4,Finalist,12,23.2,6.0,12.0,6,12,1,2,5,3,28386.0,31,True
40,195x,14,4,0,1499,1193,125.65,2,Finalist,12,22.7,7.0,12.0,2,12,4,2,7,3,27954.0,34,True
544,201x,16,6,0,2181,1678,129.98,6,Finalist,18,25.6,2.0,18.0,8,18,4,1,6,4,34231.0,35,False
879,199x,11,10,1,1893,1921,98.54,8,Finalist,16,25.7,15.0,16.0,15,16,3,1,5,3,25573.0,37,True
730,194x,13,6,0,1917,1628,117.75,3,Finalist,12,25.7,5.0,12.0,9,12,5,2,5,1,23514.0,34,True
92,194x,7,11,0,1480,1696,87.26,10,,12,23.8,12.0,12.0,8,12,4,3,1,3,10861.0,45,False
1566,194x,6,8,0,1076,1314,81.89,7,,11,25.6,11.0,12.0,11,11,1,0,2,2,5786.0,45,True
897,192x,6,12,0,1336,1343,99.48,9,,12,24.9,3.0,12.0,7,12,2,6,2,0,12923.0,33,True
1261,194x,11,4,0,1778,1322,134.49,2,Runner-up,11,24.8,3.0,12.0,1,11,1,2,5,3,16471.0,37,True
1105,194x,3,15,0,1367,2003,68.25,12,,12,24.1,9.0,12.0,11,11,0,0,1,1,6389.0,38,True
1583,192x,6,11,1,1198,1237,96.85,8,,12,24.2,4.0,12.0,5,12,2,6,4,2,15994.0,33,True
511,195x,9,9,0,1419,1298,109.32,6,,12,23.1,3.0,12.0,7,12,2,6,2,2,19560.0,35,True
348,201x,10,11,1,1864,2055,90.71,12,,18,25.6,3.0,18.0,4,18,4,2,4,3,39388.0,37,True
30,199x,5,16,1,1654,2139,77.33,15,,16,24.1,7.0,16.0,3,16,0,2,1,2,20531.0,38,True
1319,198x,13,9,0,2216,1964,112.83,5,Finalist,14,23.8,2.0,14.0,2,14,1,4,5,3,34571.0,41,True
1473,201x,8,14,0,1918,2091,91.73,14,,18,23.2,17.0,18.0,12,18,1,2,2,2,17726.0,42,False
974,195x,12,6,0,1316,1165,112.96,4,Finalist,12,23.2,10.0,12.0,10,12,5,3,6,3,22745.0,36,True
176,198x,7,15,0,2151,2745,78.36,10,,12,24.8,8.0,12.0,14,14,3,2,4,0,21349.0,43,True
937,202x,12,5,0,1095,936,116.99,5,Finalist,18,25.7,5.0,18.0,9,18,1,2,3,3,12007.0,37,False
503,197x,6,16,0,1705,2043,83.46,10,,12,22.0,12.0,12.0,7,12,2,2,2,1,21395.0,36,True
982,200x,3,19,0,1682,2300,73.13,16,,16,24.9,5.0,16.0,15,16,2,4,1,1,33679.0,39,True
1062,202x,4,17,1,1458,2075,70.27,18,,18,24.6,17.0,18.0,18,18,3,0,3,1,14339.0,38,True
602,199x,14,8,0,2283,2143,106.53,3,Finalist,16,24.9,6.0,16.0,8,16,4,2,6,2,33797.0,33,False
767,196x,5,12,1,1446,1763,82.02,9,,12,22.3,8.0,12.0,9,12,0,0,1,1,18510.0,41,False
672,196x,4,13,1,1133,1433,79.06,12,,12,22.3,11.0,12.0,11,12,3,3,0,2,16733.0,41,True
241,196x,4,14,0,1060,1481,71.57,12,,12,22.5,10.0,12.0,10,12,3,3,1,1,16518.0,37,True
749,190x,10,7,0,831,766,108.49,5,,8,25.0,8.0,8.0,5,8,3,2,5,2,,40,False
1195,198x,5,17,0,1725,2434,70.87,14,,14,23.4,10.0,14.0,11,14,1,1,1,0,19556.0,41,True
1330,194x,2,15,1,1268,1914,66.25,11,,12,25.8,5.0,11.0,10,12,1,0,1,0,9056.0,43,True
962,190x,2,16,0,852,1301,65.49,9,,10,24.1,10.0,10.0,5,10,0,5,0,1,8495.0,33,True
113,197x,9,13,0,2079,2142,97.06,9,,12,22.8,11.0,12.0,11,12,3,7,5,4,14622.0,39,True
583,196x,14,4,0,1532,1109,138.14,1,Premier,12,22.9,3.0,12.0,7,12,4,1,7,3,41762.0,32,True
913,200x,15,7,0,2079,1893,109.83,3,Finalist,16,25.2,10.0,16.0,11,16,3,1,6,3,33534.0,35,False
976,194x,12,8,0,1717,1576,108.95,5,,12,25.0,4.0,12.0,3,12,3,3,6,1,17475.0,33,True
1078,197x,15,7,0,2168,1729,125.39,3,Finalist,12,22.9,7.0,12.0,1,12,0,2,7,1,26184.0,36,True
1093,189x,2,12,0,376,737,51.02,7,,8,23.8,,,7,8,1,2,1,1,3000.0,39,True
907,192x,5,10,1,1090,1164,93.64,7,,9,25.1,8.0,9.0,6,9,2,5,2,2,15496.0,32,True
1369,195x,7,11,0,1349,1519,88.81,10,,12,22.9,9.0,12.0,9,12,4,2,3,3,21515.0,43,False
872,201x,17,5,0,2428,1833,132.46,2,Finalist,18,24.3,14.0,17.0,11,18,4,2,7,3,32225.0,38,False
751,201x,4,18,0,1480,2436,60.76,18,,18,24.5,16.0,18.0,14,18,1,1,1,0,27490.0,42,True
734,190x,11,6,0,859,550,156.18,3,Finalist,8,25.9,4.0,8.0,2,8,4,1,3,4,16000.0,32,True
466,195x,5,13,0,1311,1595,82.19,10,,12,24.1,9.0,12.0,12,12,2,2,2,2,14890.0,39,True
271,200x,10,12,0,2022,2190,92.33,12,,16,24.3,16.0,16.0,9,16,4,2,4,1,36495.0,34,True
77,195x,11,7,0,1341,1348,99.48,4,Finalist,12,23.8,5.0,12.0,7,12,2,0,4,1,29479.0,30,True
456,198x,16,6,0,2576,2057,125.23,4,Finalist,12,24.4,4.0,12.0,4,12,5,0,9,4,32562.0,33,True
405,200x,17,5,0,2257,1874,120.44,1,Premier,16,24.2,2.0,16.0,3,16,7,3,8,4,39120.0,34,False
183,192x,11,6,1,1228,1164,105.5,5,,12,25.2,3.0,12.0,5,12,5,0,4,3,18527.0,31,True
1072,197x,10,12,0,2110,2162,97.59,8,,12,22.9,4.0,12.0,8,12,2,3,5,3,21083.0,39,True
1416,190x,8,9,0,550,673,81.72,5,,8,25.2,6.0,8.0,6,8,3,2,2,0,,36,False
1417,201x,9,13,0,2060,2155,95.59,10,,17,24.3,4.0,16.0,15,18,0,3,2,2,28705.0,41,True
1120,190x,7,10,0,594,770,77.14,6,,8,24.1,7.0,8.0,3,8,2,3,3,2,,44,True
610,201x,14,8,0,2026,1731,117.04,6,Finalist,18,25.5,10.0,18.0,8,18,3,1,6,4,32395.0,36,True
63,201x,16,5,1,2330,1572,148.22,2,Runner-up,18,24.6,9.0,18.0,6,18,1,2,7,3,35628.0,35,False
894,201x,18,4,0,2355,1634,144.12,3,Finalist,17,25.0,7.0,16.0,1,18,2,2,8,3,43202.0,35,True
1213,201x,5,16,1,1691,2144,78.87,14,,18,24.0,16.0,17.0,7,18,2,1,2,0,20620.0,36,False
1519,199x,12,10,0,1940,1773,109.42,7,Finalist,16,24.4,5.0,16.0,5,16,3,5,6,1,32386.0,38,False
287,193x,15,3,0,1824,1348,135.31,1,Premier,12,24.3,5.0,12.0,2,12,1,0,6,5,18032.0,29,True
38,192x,8,9,0,1116,1120,99.64,6,,12,24.7,9.0,9.0,9,12,2,2,1,2,17075.0,36,True
677,195x,10,8,0,1208,1421,85.01,6,,12,23.2,3.0,12.0,11,12,6,1,5,2,16831.0,38,True
1463,190x,2,15,0,476,1013,46.99,7,,8,23.7,7.0,8.0,6,8,1,2,0,0,,40,True
1296,195x,3,15,0,1233,1617,76.25,11,,12,23.2,3.0,12.0,12,12,2,4,1,1,16885.0,45,True
1006,192x,4,12,0,1045,1380,75.72,9,,9,25.2,6.0,9.0,6,12,2,1,0,1,18080.0,38,True
755,197x,10,12,0,2264,1986,114.0,8,,12,22.5,5.0,12.0,1,12,0,5,4,2,19514.0,39,True
198,190x,2,15,0,595,1083,54.94,8,,8,24.5,5.0,8.0,5,8,2,4,1,0,,45,False
945,194x,9,10,0,1529,1355,112.84,7,,12,24.6,3.0,12.0,7,12,0,3,3,0,19319.0,31,True
468,194x,9,9,0,1696,1558,108.86,6,,12,24.4,11.0,12.0,6,12,1,3,4,2,15048.0,35,True
690,190x,5,12,0,775,1206,64.26,7,,8,23.6,6.0,8.0,6,8,2,0,1,1,,43,True
777,201x,19,3,0,2523,1859,135.72,1,Premier,18,25.6,1.0,18.0,2,18,3,2,10,5,45769.0,34,True
1464,196x,10,8,0,1233,1143,107.87,6,,12,22.0,6.0,12.0,2,12,2,3,3,3,25768.0,37,True
745,199x,8,14,0,1878,2113,88.88,11,,15,24.9,8.0,14.0,7,15,2,4,2,1,24713.0,41,True
422,195x,9,9,0,1385,1323,104.69,8,,12,23.2,5.0,12.0,10,12,3,3,4,3,20089.0,41,False
845,197x,11,11,0,1930,2038,94.7,7,,12,21.9,8.0,12.0,9,12,2,3,6,2,19014.0,41,True
631,201x,11,11,0,2045,1750,116.86,9,,18,24.8,13.0,18.0,2,18,1,4,5,4,31448.0,36,False
119,200x,6,16,0,1747,2259,77.34,14,,16,23.9,14.0,16.0,6,16,2,1,2,2,28682.0,40,False
427,193x,6,12,0,1391,1720,80.87,9,,12,24.8,10.0,12.0,8,12,2,2,1,1,9786.0,31,True
1582,197x,7,15,0,2272,2508,90.59,11,,12,22.8,7.0,12.0,9,12,0,4,3,0,18242.0,41,True
998,195x,10,8,0,1471,1364,107.84,6,,12,23.1,4.0,12.0,4,12,2,2,5,2,26150.0,30,True
619,198x,4,18,0,1708,2081,82.08,14,,14,23.8,10.0,14.0,12,14,1,6,1,0,17855.0,42,True
1548,201x,10,12,0,2064,1909,108.12,11,,18,24.4,2.0,18.0,10,18,3,5,5,3,31494.0,36,False
91,200x,7,14,1,1680,2015,83.37,13,,16,24.0,7.0,16.0,9,16,3,2,3,3,27024.0,37,True
870,198x,13,9,0,2360,2244,105.17,5,Finalist,12,25.2,3.0,12.0,3,12,3,1,6,3,32792.0,39,True
1240,194x,8,10,1,1646,1713,96.09,9,,12,24.0,3.0,12.0,4,12,1,2,3,1,19085.0,36,True
1547,198x,18,4,0,2599,1883,138.02,1,Premier,14,24.1,3.0,12.0,3,14,4,3,8,5,32374.0,35,True
770,192x,12,5,0,1292,1028,125.68,5,,12,24.6,3.0,9.0,8,12,3,2,6,5,19094.0,30,True
510,202x,16,6,0,2067,1616,127.91,3,Runner-up,18,25.3,6.0,18.0,8,18,3,2,7,4,35789.0,35,False
11,199x,4,18,0,1973,2326,84.82,16,,16,23.5,14.0,16.0,15,16,0,5,3,1,40307.0,39,True
406,196x,2,16,0,1125,1654,68.02,11,,12,22.4,11.0,12.0,8,12,0,2,1,0,16646.0,45,False
293,200x,11,11,0,2385,2351,101.45,9,,16,24.4,14.0,16.0,8,16,0,2,4,4,31607.0,35,True
1097,199x,1,19,0,1837,2901,63.32,15,,15,24.0,15.0,15.0,15,15,0,1,0,0,12803.0,43,False
706,202x,2,20,0,1337,2397,55.78,18,,18,24.2,18.0,18.0,17,18,1,2,0,0,21186.0,39,True
1333,198x,5,17,0,2150,2737,78.55,12,,12,23.2,11.0,12.0,12,12,1,2,3,1,19065.0,43,True
1516,200x,13,9,0,2053,2069,99.23,5,Finalist,16,24.3,10.0,16.0,14,16,4,2,7,2,31511.0,33,True
705,192x,2,14,0,819,1432,57.19,9,,9,25.1,7.0,9.0,8,9,0,1,1,0,9986.0,53,True
873,201x,17,5,0,2235,1554,143.82,2,Finalist,18,25.8,10.0,18.0,2,18,3,1,7,4,37889.0,33,True
165,192x,12,5,1,1703,1399,121.73,3,Runner-up,12,23.8,2.0,12.0,3,12,3,2,5,3,25196.0,29,True
919,199x,12,8,0,2354,2109,111.62,7,,15,24.5,1.0,15.0,4,15,3,2,5,5,28497.0,36,True
1343,193x,2,14,2,1272,1731,73.48,11,,12,23.9,9.0,12.0,10,12,2,4,2,0,14139.0,38,True
264,199x,9,13,0,1777,1963,90.52,12,,16,23.6,2.0,16.0,11,16,3,2,4,2,32594.0,39,True
345,194x,11,9,0,1802,1742,103.44,7,,12,24.7,1.0,12.0,5,12,3,1,6,1,19425.0,38,True
1520,200x,14,7,1,2295,1882,121.94,3,Premier,16,25.5,2.0,16.0,2,16,1,4,6,4,36151.0,32,False
1069,198x,11,10,1,1959,2046,95.75,7,,14,23.3,8.0,12.0,8,14,1,2,4,2,16887.0,37,True
528,190x,2,16,0,803,1170,68.63,10,,10,24.4,6.0,8.0,9,10,0,5,0,1,,42,True
1044,196x,13,5,0,1382,1142,121.02,5,,12,23.5,1.0,12.0,12,12,3,2,5,3,21143.0,34,True
786,192x,15,3,0,1604,1074,149.35,1,Runner-up,12,24.5,4.0,12.0,1,12,4,1,8,2,23372.0,29,True
1432,196x,5,12,1,1166,1375,84.8,9,,12,22.2,4.0,12.0,7,12,1,3,1,0,28239.0,40,True
778,192x,18,0,0,1918,1117,171.71,1,Premier,12,24.2,1.0,12.0,1,12,1,0,9,4,23461.0,26,True
1193,197x,3,19,0,1857,2859,64.95,12,,12,24.1,6.0,12.0,11,12,0,2,0,0,18665.0,39,True
1607,196x,9,9,0,1146,1301,88.09,7,,12,22.3,9.0,12.0,10,12,4,0,2,4,19532.0,36,True
534,193x,5,13,0,1635,1958,83.5,10,,12,23.8,12.0,12.0,8,12,1,3,0,1,14417.0,39,True
23,192x,4,12,0,1043,1252,83.31,8,,9,25.3,9.0,9.0,3,12,1,5,2,1,15729.0,35,True
366,194x,4,10,0,1105,1413,78.2,9,,11,24.7,9.0,12.0,9,11,0,2,1,1,5679.0,44,True
1591,194x,10,9,0,1488,1521,97.83,7,,12,24.3,7.0,12.0,5,12,4,4,5,2,15053.0,35,True
350,199x,10,11,1,2076,1973,105.22,8,Finalist,16,24.2,,,16,16,1,3,2,0,24468.0,37,False
443,198x,18,4,0,2698,1906,141.55,1,Premier,12,25.4,3.0,12.0,2,14,1,0,9,4,27900.0,31,True
485,196x,10,7,1,1367,1362,100.37,6,,12,21.8,9.0,12.0,2,12,3,2,4,2,23697.0,35,True
224,196x,7,10,1,1294,1381,93.7,7,,12,24.3,9.0,12.0,8,12,0,2,3,1,16146.0,31,True
936,195x,3,15,0,1038,1491,69.62,12,,12,22.7,11.0,12.0,8,12,0,3,0,1,13138.0,41,True
1574,196x,13,4,1,1499,1151,130.23,3,Finalist,12,23.6,5.0,12.0,4,12,4,1,7,2,30885.0,29,True
1040,202x,5,11,1,996,1099,90.63,14,,18,23.7,18.0,18.0,16,18,0,2,1,1,4147.0,32,False
1576,191x,6,12,0,1034,1090,94.86,7,,10,24.1,9.0,10.0,8,10,1,5,2,1,9892.0,30,True
95,195x,0,18,0,1022,2052,49.81,12,,12,23.5,12.0,12.0,11,12,0,3,0,0,9820.0,39,True
1037,200x,4,18,0,1693,2445,69.24,16,,16,24.5,13.0,16.0,12,16,1,2,1,0,34181.0,39,True
1101,198x,7,15,0,2003,2673,74.93,11,,12,23.5,11.0,12.0,5,14,2,2,2,3,19114.0,46,True
1125,191x,12,6,0,1064,855,124.44,4,Runner-up,10,25.2,2.0,10.0,7,10,3,5,7,4,26817.0,33,True
713,192x,4,11,1,1127,1235,91.26,9,,9,25.6,7.0,9.0,3,9,1,4,1,1,16116.0,34,False
1544,198x,13,9,0,2003,1961,102.14,5,Runner-up,14,23.6,5.0,14.0,4,14,2,1,6,4,35936.0,32,True
1025,193x,12,6,0,1613,1289,125.14,3,Finalist,12,25.0,2.0,12.0,1,12,3,4,5,2,25465.0,34,True
159,191x,8,9,1,1025,1026,99.9,6,,10,23.4,5.0,10.0,4,10,3,2,2,3,4432.0,31,True
1133,200x,9,12,1,2111,2469,85.5,13,,16,24.9,8.0,16.0,3,16,1,1,4,0,32804.0,36,True
1405,200x,8,14,0,1893,2029,93.3,11,,16,23.7,15.0,16.0,16,16,2,3,1,4,32843.0,38,False
1619,198x,9,13,0,2328,2233,104.25,9,,12,23.4,8.0,12.0,11,12,1,1,4,1,24597.0,40,True
807,197x,13,9,0,2443,2341,104.36,4,Finalist,12,23.3,5.0,12.0,8,12,3,3,5,1,25505.0,35,True
595,201x,16,5,1,2035,1518,134.06,3,Runner-up,18,24.5,7.0,18.0,4,18,2,1,6,3,32746.0,39,False
720,198x,14,8,0,1876,1944,96.5,4,Finalist,14,23.6,5.0,14.0,4,14,8,0,8,2,29211.0,35,True
1363,196x,11,7,0,1390,1281,108.51,5,,12,21.9,4.0,12.0,9,12,0,2,4,2,28381.0,36,True
499,191x,9,5,1,843,724,116.44,2,Finalist,6,25.6,1.0,4.0,3,8,4,3,4,3,15005.0,29,True
574,190x,12,4,1,884,653,135.38,2,Premier,8,24.1,1.0,8.0,2,8,3,2,5,4,24667.0,27,True
1176,198x,13,8,1,2402,2417,99.38,4,Finalist,14,23.3,7.0,12.0,11,14,4,1,8,2,21108.0,38,True
1154,196x,5,13,0,1307,1510,86.56,9,,12,22.7,1.0,12.0,1,12,1,3,2,1,18540.0,34,True
819,190x,10,7,0,914,726,125.9,3,Finalist,8,24.4,4.0,8.0,2,8,1,4,6,2,18555.0,36,True
525,191x,12,4,2,1150,810,141.98,3,Finalist,10,25.4,1.0,10.0,2,10,3,2,5,3,17359.0,33,True
648,195x,9,9,0,1506,1604,93.89,7,,12,23.5,10.0,12.0,10,12,4,2,2,1,22268.0,36,True
1243,194x,4,15,0,1456,1907,76.35,11,,12,24.7,12.0,12.0,11,12,2,2,1,1,11270.0,38,True
1449,197x,9,13,0,2223,2364,94.04,8,,12,24.5,12.0,12.0,5,12,2,4,3,2,16917.0,36,False
1185,194x,2,17,0,1124,1879,59.82,12,,12,23.4,12.0,12.0,11,12,1,2,1,2,9361.0,39,True
808,194x,7,8,0,1164,1244,93.57,6,,11,24.3,4.0,11.0,4,12,3,2,3,2,9833.0,36,True
121,195x,8,10,0,1515,1465,103.41,9,,12,23.0,9.0,12.0,8,12,1,2,4,1,23888.0,38,False
757,201x,10,12,0,2106,2082,101.15,9,,17,23.8,9.0,16.0,8,18,0,4,4,2,28075.0,37,True
1114,197x,10,12,0,2192,2224,98.56,7,,12,23.9,4.0,12.0,4,12,1,3,2,3,25177.0,41,True
850,192x,4,12,0,906,1139,79.54,8,,9,25.8,5.0,9.0,4,9,3,4,2,1,16402.0,42,True
124,200x,13,9,0,2097,1855,113.05,5,Finalist,16,23.8,11.0,16.0,2,16,3,2,6,2,36714.0,34,True
671,197x,12,10,0,2047,1915,106.89,6,,12,23.2,9.0,12.0,9,12,1,2,6,4,16160.0,35,True
1539,192x,11,7,0,1598,1316,121.43,4,Finalist,12,25.6,4.0,12.0,2,12,1,4,5,3,27383.0,32,True
650,201x,14,7,1,2225,1700,130.88,5,Finalist,17,24.1,8.0,16.0,10,18,2,2,9,2,50973.0,38,True
379,199x,4,18,0,1987,2545,78.07,15,,15,23.3,15.0,15.0,12,16,2,3,2,1,15452.0,40,False
277,195x,6,11,1,1210,1374,88.06,9,,12,22.9,10.0,12.0,10,12,2,3,1,2,20485.0,42,False
670,193x,3,15,0,1263,1753,72.05,11,,12,24.0,9.0,12.0,9,12,1,5,1,1,12625.0,37,True
963,196x,8,10,0,1059,1244,85.13,7,,12,23.0,11.0,12.0,8,12,1,1,3,2,17949.0,35,True
841,202x,11,12,0,2193,1877,116.84,10,,18,24.3,14.0,18.0,15,18,1,5,3,3,34689.0,37,False
888,193x,15,3,0,1803,1308,137.84,1,Runner-up,12,24.5,3.0,12.0,3,12,2,2,8,3,26690.0,32,True
48,194x,6,14,0,1665,1944,85.65,10,,12,25.1,11.0,12.0,12,12,1,1,1,3,9625.0,37,True
1396,198x,11,11,0,1963,2010,97.66,8,,12,24.6,2.0,12.0,7,14,2,3,3,2,22036.0,40,True
1020,200x,8,14,0,1886,2618,72.04,12,,16,23.8,15.0,16.0,16,16,3,1,3,1,24143.0,36,False
898,201x,17,5,0,2126,1488,142.88,1,Runner-up,18,26.0,4.0,18.0,4,18,2,2,9,3,36673.0,33,False
791,195x,11,7,0,1598,1422,112.38,4,Runner-up,12,22.6,5.0,12.0,3,12,1,1,4,4,32809.0,32,True
1621,198x,16,6,0,2224,1714,129.75,3,Finalist,12,24.7,1.0,12.0,9,12,4,3,7,3,33386.0,37,True
4,196x,8,9,1,1406,1327,105.95,6,,12,24.0,4.0,12.0,1,12,2,4,3,3,23528.0,32,True
1032,201x,11,11,0,1766,1876,94.14,11,,18,24.5,6.0,18.0,12,18,3,3,6,2,47486.0,36,True
1508,197x,9,13,0,1990,2194,90.7,8,,12,23.1,9.0,12.0,11,12,2,3,2,3,14827.0,37,True
270,196x,14,4,0,1457,1204,121.01,4,Finalist,12,24.1,4.0,12.0,6,12,4,1,5,4,33109.0,30,True
1282,197x,10,11,1,2053,1941,105.77,7,,12,24.1,3.0,12.0,2,12,0,2,4,2,26082.0,36,True
1481,200x,18,4,0,2360,1783,132.36,1,Finalist,16,25.0,3.0,16.0,1,16,7,1,8,3,28041.0,33,False
455,195x,11,6,2,1473,1310,112.44,4,Finalist,12,24.2,7.0,12.0,5,12,2,4,5,2,27788.0,32,True
1031,199x,13,9,0,2403,2104,114.21,4,Runner-up,15,24.4,7.0,15.0,2,16,4,2,4,4,37224.0,35,True
1110,190x,8,9,0,947,840,112.74,6,,8,24.2,7.0,8.0,8,8,0,4,4,3,,31,True
857,198x,19,3,0,2678,1748,153.2,1,Premier,14,25.3,1.0,14.0,5,14,4,1,9,4,26069.0,31,True
1451,190x,11,6,0,915,773,118.37,2,Runner-up,8,24.7,5.0,8.0,5,10,2,5,6,4,35088.0,33,False
313,200x,12,9,1,1939,1847,104.98,5,Finalist,16,24.0,1.0,16.0,8,16,3,1,4,4,44502.0,36,True
1272,197x,16,6,0,2398,1728,138.77,2,Runner-up,12,24.5,6.0,12.0,3,12,3,1,8,3,30755.0,35,True
322,192x,12,4,0,1132,975,116.1,2,Premier,9,26.4,1.0,9.0,5,9,6,1,6,5,23446.0,30,True
155,193x,8,10,0,1454,1435,101.32,8,,12,24.6,4.0,12.0,9,12,3,3,2,3,17985.0,32,True
1183,195x,15,3,0,1608,1300,123.69,1,Runner-up,12,23.7,1.0,12.0,1,12,5,2,6,3,36285.0,32,True
589,201x,20,2,0,2592,1546,167.66,1,Runner-up,17,24.7,1.0,16.0,4,18,2,1,10,3,60964.0,33,True
52,200x,17,5,0,2413,1823,132.36,1,Premier,16,25.4,1.0,16.0,8,16,4,0,7,5,31706.0,32,False
1269,198x,16,6,0,2417,2000,120.85,2,Finalist,12,24.8,7.0,12.0,8,12,3,1,6,2,25818.0,32,True
743,195x,12,6,0,1551,1283,120.89,3,Finalist,12,23.6,11.0,12.0,5,12,2,3,3,2,23134.0,32,True
853,199x,13,9,0,2383,1848,128.95,3,Finalist,15,24.4,3.0,15.0,6,16,0,5,7,3,33177.0,33,True
1150,198x,14,7,1,2345,1894,123.81,4,Finalist,12,25.3,2.0,12.0,8,12,2,4,7,1,25860.0,35,True
1202,199x,16,6,0,2376,1825,130.19,2,Premier,14,24.3,5.0,14.0,7,15,2,3,7,4,44577.0,32,True
482,201x,14,8,0,2148,1868,114.99,6,Finalist,18,25.3,4.0,18.0,11,18,1,2,6,2,53754.0,40,True
1000,195x,4,14,0,1192,1615,73.81,12,,12,22.7,12.0,12.0,10,12,1,2,1,1,16187.0,40,True
668,193x,8,10,0,1286,1403,91.66,8,,12,25.6,5.0,12.0,9,12,2,2,2,2,13870.0,34,True
409,191x,11,6,1,1122,874,128.38,4,Finalist,10,25.0,5.0,10.0,9,9,0,4,4,3,11413.0,29,True
524,201x,9,13,0,1763,1870,94.28,11,,16,24.7,5.0,16.0,14,17,2,3,2,2,31205.0,36,False
329,195x,10,7,1,1304,1147,113.69,5,,12,23.3,7.0,12.0,4,12,2,2,6,2,28708.0,34,True
20,191x,10,2,0,918,669,137.22,1,Runner-up,4,25.9,2.0,9.0,2,6,3,2,6,3,16142.0,29,True
699,191x,2,16,0,699,1454,48.07,9,,10,23.0,10.0,10.0,8,10,1,1,0,0,7184.0,62,True
37,190x,13,4,0,1058,690,153.33,2,Runner-up,8,24.9,2.0,8.0,5,8,3,2,8,4,26468.0,30,True
926,200x,12,9,1,2095,1863,112.45,6,Finalist,16,25.7,7.0,16.0,12,16,4,1,5,2,31824.0,36,False
847,199x,10,10,0,2101,1873,112.17,10,,15,24.7,11.0,15.0,7,15,1,3,3,3,26247.0,36,True
1456,193x,9,9,0,1592,1661,95.85,7,,12,24.7,9.0,12.0,5,12,2,2,3,3,16256.0,37,True
417,201x,1,21,0,1524,2990,50.97,18,,18,21.6,18.0,18.0,16,18,0,1,0,1,15715.0,46,False
946,196x,4,14,0,1010,1310,77.1,10,,12,22.1,7.0,12.0,10,12,2,5,2,2,16924.0,39,True
551,195x,13,5,0,1534,1404,109.26,2,Finalist,12,24.3,7.0,12.0,7,12,3,3,6,2,33392.0,36,True
775,201x,10,12,0,1917,2045,93.74,12,,18,23.1,14.0,18.0,16,18,2,2,3,1,20841.0,36,False
1092,200x,9,11,2,1986,1885,105.36,10,,16,23.4,13.0,16.0,10,16,0,1,4,1,30242.0,38,False
1235,200x,3,18,1,1958,2537,77.18,16,,16,23.6,9.0,16.0,9,16,0,3,1,2,41327.0,37,True
252,190x,7,10,0,700,704,99.43,5,,8,24.3,6.0,8.0,8,8,2,4,2,3,,39,False
1162,190x,7,11,0,927,1065,87.04,8,,10,24.6,7.0,8.0,5,10,2,3,2,1,8000.0,39,True
802,197x,14,8,0,2096,1821,115.1,3,Premier,12,25.2,2.0,12.0,3,12,3,3,7,4,27733.0,35,True
501,192x,9,8,1,1349,1405,96.01,6,,12,24.1,5.0,12.0,6,12,6,3,4,2,14569.0,33,True
160,199x,14,8,0,2079,1692,122.87,5,Finalist,16,25.1,1.0,15.0,4,16,2,2,6,2,29376.0,36,False
990,196x,9,9,0,1386,1550,89.42,8,,12,22.6,11.0,12.0,8,12,4,3,2,3,21530.0,36,False
875,199x,9,12,1,1928,2017,95.59,10,,16,23.1,9.0,16.0,7,16,1,2,3,1,28140.0,36,False
640,192x,10,5,1,1147,1028,111.58,2,Finalist,9,26.3,9.0,9.0,1,9,5,2,4,3,26410.0,30,True
701,191x,7,11,0,931,1021,91.19,8,,10,22.4,7.0,10.0,9,10,1,3,3,1,6497.0,35,True
584,202x,15,7,0,1986,1656,119.93,6,Finalist,18,24.9,16.0,18.0,3,18,4,5,6,3,23141.0,37,False
1540,191x,5,11,0,906,1164,77.84,6,,9,24.1,8.0,10.0,3,4,3,4,2,2,7385.0,37,True
18,201x,11,11,0,2175,1907,114.05,10,,18,24.7,11.0,18.0,7,18,1,5,5,2,37356.0,36,False
133,200x,14,8,0,2311,1797,128.6,5,Finalist,16,25.4,2.0,16.0,16,16,2,6,6,4,41530.0,34,True
1593,202x,11,12,0,1838,2050,89.66,11,,18,25.0,15.0,18.0,11,18,4,3,4,2,47189.0,34,True
954,198x,16,6,0,2916,1987,146.75,3,Runner-up,14,24.7,9.0,14.0,10,14,1,5,7,3,34477.0,34,True
1009,199x,5,17,0,1726,2456,70.28,14,,15,24.3,11.0,15.0,16,16,1,2,2,1,16599.0,35,True
1588,196x,7,13,0,1803,2186,82.48,9,,12,22.2,9.0,12.0,4,12,2,2,3,3,14496.0,42,False
197,201x,17,5,0,2679,1733,154.59,1,Runner-up,18,25.6,3.0,17.0,1,18,2,4,8,4,45820.0,34,True
1174,201x,7,15,0,1784,2177,81.95,14,,18,24.4,15.0,18.0,6,18,3,5,4,1,24191.0,40,True
1021,193x,6,11,1,1683,1747,96.34,9,,12,24.3,2.0,12.0,5,12,2,1,2,0,11306.0,39,True
1581,195x,16,2,0,1429,979,145.97,1,Premier,12,23.7,1.0,12.0,1,12,1,1,8,4,36707.0,27,True
1355,200x,13,8,1,2017,1890,106.72,6,Finalist,16,23.7,10.0,16.0,13,16,3,1,5,3,30085.0,36,False
621,195x,17,1,0,1942,1197,162.24,1,Premier,12,24.8,4.0,12.0,3,12,6,0,8,5,30899.0,34,True
187,202x,8,14,0,1746,1972,88.54,13,,18,25.1,11.0,18.0,9,18,2,0,5,1,28463.0,39,True
310,200x,15,7,0,2088,1741,119.93,4,Finalist,16,23.5,12.0,16.0,6,16,3,4,4,2,31991.0,35,True
508,200x,18,4,0,2312,1815,127.38,2,Premier,16,25.4,1.0,16.0,2,16,5,1,7,4,43459.0,33,True
1397,201x,15,7,0,1857,1609,115.41,7,Premier,18,24.3,6.0,18.0,10,18,6,1,7,4,36710.0,39,True
1360,196x,8,12,0,1859,2125,87.48,8,,12,22.7,12.0,12.0,12,12,5,4,3,1,15457.0,36,True
1340,197x,13,8,1,2148,1942,110.61,5,Finalist,12,24.0,8.0,12.0,8,12,3,1,7,3,21457.0,34,False
530,196x,10,8,0,1561,1249,124.98,5,,12,21.8,9.0,12.0,5,12,2,2,4,3,30197.0,36,True
1100,194x,15,4,0,1833,1368,133.99,1,Premier,12,24.7,6.0,12.0,6,12,5,1,7,4,31480.0,32,True
488,194x,13,7,0,1696,1526,111.14,3,Finalist,12,26.3,6.0,12.0,9,12,3,3,6,2,15683.0,39,True
163,192x,3,13,0,980,1219,80.39,9,,9,25.6,6.0,9.0,8,9,0,4,2,0,14639.0,33,True
1281,192x,13,5,0,1434,1178,121.73,4,Finalist,12,25.5,6.0,12.0,4,12,4,3,7,3,24980.0,37,True
1231,193x,12,6,0,1730,1327,130.37,4,Finalist,12,24.4,5.0,12.0,2,12,0,2,4,1,17755.0,33,True
17,199x,16,6,0,2793,2055,135.91,2,Premier,15,26.0,5.0,14.0,5,15,3,1,8,5,29431.0,33,True
1104,198x,11,11,0,2405,2345,102.56,5,Finalist,12,24.6,3.0,12.0,9,12,2,2,5,4,20483.0,36,True
1597,198x,7,15,0,2108,2502,84.25,12,,14,24.3,14.0,14.0,9,14,3,6,1,1,19213.0,37,True
561,193x,3,15,0,1300,1917,67.81,11,,12,24.5,11.0,12.0,10,12,3,1,0,1,8658.0,42,True
673,196x,8,9,1,1300,1313,99.01,7,,12,23.8,2.0,12.0,8,12,2,2,3,3,21542.0,34,True
1329,196x,13,4,1,1354,1056,128.22,2,Premier,12,22.8,2.0,12.0,4,12,1,0,5,4,39424.0,33,True
1048,190x,8,10,0,1032,1075,96.0,6,,10,22.6,,,7,10,3,5,3,3,,32,True
1371,193x,14,4,0,1644,1473,111.61,3,Finalist,12,25.1,4.0,12.0,6,12,3,1,7,3,20393.0,37,True
988,193x,14,4,0,1827,1574,116.07,1,Premier,12,25.5,5.0,12.0,5,12,4,1,7,3,28578.0,31,True
1522,201x,17,4,1,2349,1658,141.68,1,Premier,16,24.9,4.0,16.0,1,17,3,2,7,3,63928.0,33,True
292,196x,14,4,0,1455,1017,143.07,1,Premier,12,24.0,1.0,12.0,2,12,2,2,7,2,35543.0,29,True
815,190x,12,5,0,954,744,128.23,1,Premier,8,23.5,2.0,8.0,2,8,4,2,5,4,28844.0,27,True
232,199x,8,14,0,2051,2209,92.85,13,,16,23.5,,,13,16,0,4,3,3,22755.0,41,False
28,196x,6,13,1,1639,1954,83.88,9,,12,22.4,9.0,12.0,9,12,2,3,3,0,15291.0,39,False
449,190x,12,4,2,1070,821,130.33,3,Finalist,10,24.8,4.0,10.0,2,10,3,1,4,2,29790.0,30,True
1575,200x,15,7,0,2308,2007,115.0,3,Finalist,16,24.6,8.0,16.0,6,16,2,2,6,3,36694.0,34,False
236,199x,15,7,0,2116,1909,110.84,5,Finalist,16,26.4,1.0,16.0,11,16,3,1,6,2,37157.0,36,True
39,194x,13,6,0,1682,1347,124.87,2,Premier,12,24.9,6.0,12.0,5,12,2,2,6,3,29067.0,36,True
766,195x,5,13,0,1320,1681,78.52,10,,12,21.9,12.0,12.0,9,12,2,1,1,1,16152.0,43,True
1075,198x,1,21,0,1824,2873,63.49,12,,12,24.1,9.0,12.0,8,12,1,0,1,0,19870.0,46,True
481,195x,4,13,1,1174,1604,73.19,11,,12,23.4,6.0,12.0,9,12,3,1,0,2,16696.0,39,True
1384,194x,5,10,0,1384,1624,85.22,8,,11,24.3,2.0,12.0,7,11,1,0,2,3,6633.0,41,True
1592,201x,11,11,0,2079,1925,108.0,10,,18,24.1,5.0,17.0,8,18,2,1,6,2,43879.0,41,True
703,197x,16,6,0,2360,1827,129.17,2,Finalist,12,24.0,7.0,12.0,1,12,1,4,7,1,31320.0,34,True
1490,200x,11,11,0,2041,2038,100.15,10,,16,24.3,9.0,16.0,3,16,2,3,4,3,31319.0,34,False
654,197x,14,8,0,2317,2140,108.27,5,Finalist,12,23.3,11.0,12.0,4,12,5,1,6,3,29216.0,33,True
1400,195x,3,15,0,1178,1607,73.3,12,,12,21.7,11.0,12.0,10,12,2,1,1,2,19460.0,41,True
1255,200x,12,9,1,2121,2187,96.98,7,Finalist,16,24.5,4.0,16.0,13,16,5,0,7,2,30401.0,37,True
1194,201x,11,11,0,1806,1714,105.37,10,,18,25.1,10.0,18.0,1,18,1,2,5,3,33173.0,37,False
1354,189x,13,4,0,860,461,186.55,2,Finalist,8,24.6,4.0,8.0,3,8,0,3,4,4,13120.0,28,True
1475,201x,15,7,0,2244,1807,124.18,5,Finalist,18,24.5,4.0,17.0,13,18,5,2,5,3,35904.0,34,False
818,196x,14,4,0,1599,1162,137.61,3,Finalist,12,22.7,3.0,12.0,3,12,2,1,6,4,30014.0,30,True
166,194x,15,4,0,1980,1407,140.72,1,Premier,12,25.1,8.0,12.0,2,12,2,2,5,4,27228.0,31,True
985,195x,3,14,1,1137,1420,80.07,11,,12,22.7,6.0,12.0,4,12,2,5,2,2,18612.0,38,True
1222,199x,7,15,0,1830,1983,92.28,13,,16,23.6,13.0,16.0,12,16,0,2,1,2,21562.0,39,False
840,191x,8,6,0,742,805,92.17,4,Finalist,8,25.7,,,7,9,4,2,1,2,28375.0,32,True
1376,201x,12,10,0,1941,1865,104.08,12,,18,25.8,1.0,18.0,11,18,5,2,4,3,37440.0,35,False
899,197x,16,6,0,2318,1890,122.65,3,Finalist,12,23.0,6.0,12.0,2,12,3,0,8,4,36661.0,41,True
938,200x,14,8,0,2098,1630,128.71,4,Runner-up,16,25.0,3.0,16.0,7,16,3,4,8,4,37292.0,31,False
158,196x,0,18,0,1019,1706,59.73,12,,12,22.8,12.0,12.0,11,12,0,4,0,0,14613.0,35,True
1485,196x,3,17,0,1266,1703,74.34,12,,12,22.4,8.0,12.0,8,12,1,4,2,1,12814.0,42,True
522,197x,7,15,0,1938,2111,91.8,10,,12,22.6,8.0,12.0,12,12,4,5,3,0,23619.0,37,True
1170,192x,9,7,0,1118,1054,106.07,4,Finalist,9,26.4,7.0,9.0,8,9,1,0,2,1,17085.0,31,True
1288,198x,13,9,0,2199,1966,111.85,4,Finalist,14,24.3,8.0,14.0,11,14,3,1,4,4,19277.0,33,False
1362,193x,3,15,0,1511,1842,82.03,10,,12,24.6,9.0,12.0,6,12,0,3,1,1,13621.0,34,True
107,200x,10,11,1,2080,2127,97.79,8,Finalist,16,23.8,12.0,16.0,14,16,3,1,4,2,49549.0,36,True
601,192x,14,4,0,1720,1175,146.38,3,Premier,12,25.0,3.0,12.0,5,12,4,2,6,5,21501.0,32,True
1435,199x,7,15,0,2269,2535,89.51,12,,15,24.2,8.0,15.0,3,15,1,3,3,2,19652.0,40,True
1178,197x,15,7,0,2501,1974,126.7,3,Runner-up,12,23.8,3.0,12.0,5,12,1,1,7,3,41874.0,38,True
55,197x,18,3,1,2237,1666,134.27,1,Premier,12,23.5,5.0,12.0,3,12,5,2,8,3,37400.0,33,True
157,198x,15,7,0,2664,2215,120.27,4,Runner-up,12,24.8,4.0,12.0,1,12,1,2,6,4,37243.0,38,True
413,195x,10,8,0,1519,1365,111.28,5,,12,23.2,2.0,12.0,4,12,3,2,3,4,23432.0,34,True
1572,198x,11,11,0,1992,2123,93.83,7,,12,24.4,7.0,12.0,2,12,2,1,3,3,18789.0,35,True
214,200x,9,13,0,1990,2244,88.68,10,,16,24.6,13.0,16.0,10,16,1,3,1,1,25589.0,35,False
1531,190x,3,15,0,670,1130,59.29,10,,10,23.8,3.0,10.0,10,10,2,3,1,1,8851.0,55,True
1157,196x,14,5,1,1718,1263,136.03,4,Finalist,12,22.9,5.0,12.0,7,12,2,1,6,3,28216.0,37,True
1424,201x,15,6,1,1935,1591,121.62,3,Runner-up,16,25.6,1.0,16.0,6,17,3,1,7,2,44307.0,33,True
8,190x,12,5,0,917,579,158.38,3,Runner-up,8,25.1,4.0,8.0,1,8,4,2,5,3,20016.0,31,True
1043,201x,15,6,1,2244,1694,132.47,4,Finalist,18,25.8,3.0,18.0,1,18,0,0,8,1,31942.0,35,False
1541,202x,3,20,0,1657,2318,71.48,17,,18,24.5,18.0,18.0,17,18,2,5,1,1,25160.0,43,True
1090,197x,5,17,0,2072,2523,82.12,10,,12,22.7,5.0,12.0,10,12,1,3,1,3,17189.0,42,True
464,199x,8,14,0,1992,2083,95.63,13,,16,24.0,15.0,16.0,9,16,1,3,3,5,31200.0,35,True
260,190x,6,11,0,796,904,88.05,6,,8,24.3,7.0,8.0,3,8,1,3,1,3,,35,True
920,200x,14,8,0,2127,1900,111.95,5,Finalist,16,24.5,14.0,16.0,7,16,2,1,5,0,34635.0,34,True
1414,199x,10,12,0,2328,2454,94.87,11,,16,24.7,12.0,16.0,5,16,4,4,4,4,27701.0,35,True
903,196x,9,9,0,1279,1325,96.53,8,,12,23.5,7.0,12.0,4,12,4,3,4,3,25032.0,33,True
1526,196x,6,12,0,1143,1346,84.92,9,,12,21.3,10.0,12.0,5,12,2,1,2,2,19846.0,44,True
638,193x,5,13,0,1462,1690,86.51,10,,12,24.1,11.0,12.0,11,12,2,4,2,2,11811.0,35,True
355,190x,9,8,0,976,853,114.42,4,Finalist,8,23.6,4.0,8.0,4,8,1,3,3,3,14000.0,35,True
1392,192x,15,3,0,1589,1161,136.86,2,Finalist,12,25.3,4.0,12.0,2,12,4,2,7,4,24736.0,32,True
269,192x,9,9,0,1373,1431,95.95,6,,12,24.8,5.0,12.0,10,12,3,4,3,3,17732.0,29,False
1361,201x,7,15,0,1930,2402,80.35,14,,16,23.5,8.0,16.0,8,17,2,2,3,1,45902.0,39,True
156,200x,7,14,1,1928,2295,84.01,14,,16,23.8,7.0,16.0,3,16,1,1,2,3,24610.0,37,False
484,192x,7,11,0,1338,1578,84.79,8,,12,24.1,10.0,12.0,7,12,2,2,1,2,15312.0,34,False
655,195x,14,4,0,1485,1097,135.37,1,Premier,12,23.8,4.0,12.0,1,12,1,1,6,4,26662.0,33,True
1606,190x,9,8,0,800,735,108.84,4,Finalist,8,23.8,5.0,8.0,7,8,4,2,3,3,8000.0,34,True
1523,195x,15,3,0,1559,1036,150.48,1,Premier,12,23.0,4.0,12.0,1,12,3,2,6,5,32550.0,32,True
565,196x,5,13,0,1183,1474,80.26,11,,12,22.4,6.0,12.0,12,12,0,2,2,2,14877.0,38,True
955,201x,9,13,0,2038,2139,95.28,13,,18,25.0,5.0,18.0,9,18,3,2,6,2,30838.0,37,False
500,200x,5,17,0,1904,2317,82.18,14,,16,23.7,15.0,16.0,11,16,0,4,1,1,33171.0,38,True
1468,201x,15,6,1,2415,1776,135.98,1,Runner-up,18,25.5,5.0,18.0,12,18,0,1,7,2,41383.0,31,False
1207,194x,12,6,0,1656,1259,131.53,5,,12,25.5,4.0,11.0,4,12,1,2,5,2,18278.0,37,True
152,200x,7,15,0,2118,2208,95.92,13,,16,23.9,2.0,16.0,10,16,0,6,4,2,25314.0,37,False
412,193x,10,8,0,1488,1444,103.05,6,,12,25.2,6.0,12.0,12,12,2,2,4,3,14361.0,34,True
983,191x,0,18,0,907,1576,57.55,10,,10,23.1,10.0,10.0,10,10,0,3,0,0,7577.0,36,True
1518,198x,17,5,0,2781,1891,147.07,2,Runner-up,14,25.2,1.0,12.0,1,14,4,2,8,3,26356.0,30,True
674,191x,2,16,0,922,1505,61.26,9,,10,23.9,9.0,10.0,4,9,0,0,1,1,6628.0,40,True
475,195x,8,9,1,1341,1553,86.35,9,,12,24.0,11.0,12.0,10,12,4,1,3,1,20083.0,36,True
193,194x,8,10,0,1621,1611,100.62,8,,12,23.9,2.0,12.0,5,12,1,0,3,2,12419.0,36,True
1182,200x,13,9,0,2126,1923,110.56,4,Finalist,16,25.4,9.0,16.0,1,16,4,1,5,3,40688.0,37,True
1262,198x,7,15,0,2301,2452,93.84,9,,12,23.8,5.0,12.0,4,12,1,6,4,1,15690.0,40,True
623,198x,17,5,0,2828,2149,131.6,2,Finalist,12,25.0,6.0,12.0,2,12,1,1,8,3,27623.0,35,True
149,195x,13,5,0,1427,1171,121.86,3,Finalist,12,22.7,3.0,12.0,12,12,4,2,5,2,26048.0,35,True
768,202x,17,6,0,2180,1771,123.09,2,Runner-up,18,26.0,6.0,18.0,5,18,4,2,5,4,32374.0,35,False
1010,191x,11,7,0,1154,911,126.67,4,Finalist,10,23.8,6.0,10.0,5,10,1,1,3,2,16032.0,28,True
204,192x,15,3,0,1605,1105,145.25,2,Finalist,12,24.3,1.0,12.0,3,12,4,3,7,4,19253.0,28,True
906,189x,8,9,0,679,565,120.18,6,Runner-up,8,23.6,5.0,8.0,5,8,2,6,3,4,4823.0,34,False
288,202x,8,9,0,1007,1053,95.63,10,,18,25.4,6.0,18.0,7,18,3,1,3,2,6396.0,38,False
302,196x,5,13,0,1224,1650,74.18,9,,12,22.7,12.0,12.0,10,12,2,1,2,2,15803.0,36,True
1476,198x,10,12,0,2157,2373,90.9,8,,12,25.1,10.0,12.0,8,12,1,1,4,2,27680.0,34,True
410,202x,16,6,0,1845,1456,126.72,3,Finalist,18,26.8,4.0,18.0,1,18,4,2,7,2,29178.0,35,True
127,202x,15,7,0,2147,1799,119.34,6,Finalist,18,25.3,4.0,18.0,2,18,3,4,6,3,30352.0,37,False
1244,193x,4,14,0,1380,1605,85.98,10,,12,24.0,9.0,12.0,10,12,1,1,2,2,12194.0,39,True
209,197x,4,17,1,1770,2481,71.34,11,,12,23.2,8.0,12.0,9,12,3,1,0,0,13405.0,41,True
855,192x,5,11,0,1080,1285,84.05,8,,9,24.8,4.0,9.0,4,9,2,4,2,1,11574.0,28,True
253,193x,15,3,0,1746,1237,141.15,1,Runner-up,12,25.3,2.0,12.0,1,12,4,1,6,3,25239.0,27,True
1536,195x,14,5,0,1528,1058,144.42,2,Runner-up,12,23.1,2.0,12.0,2,12,1,1,6,3,31614.0,35,True
1570,194x,12,5,1,1529,1430,106.92,4,Finalist,12,24.4,6.0,11.0,5,12,7,1,4,2,15581.0,37,True
1188,200x,13,9,0,2190,1960,111.73,8,Finalist,16,23.7,5.0,16.0,8,16,1,2,5,3,43243.0,35,True
394,202x,6,16,0,1557,1818,85.64,17,,18,25.0,8.0,18.0,4,18,1,4,5,1,31918.0,39,True
1428,196x,9,8,1,1462,1335,109.51,7,,12,22.8,3.0,12.0,1,12,2,3,4,3,25339.0,31,True
876,197x,12,9,1,2236,2127,105.12,5,Finalist,12,23.1,10.0,12.0,7,12,2,1,6,2,28170.0,36,True
226,201x,14,8,0,2168,1671,129.74,5,Finalist,18,24.7,10.0,18.0,10,18,1,3,6,3,32198.0,35,False
656,198x,16,5,1,2754,1990,138.39,3,Premier,12,24.4,8.0,12.0,7,12,6,1,8,4,42624.0,36,True
1,200x,10,11,1,1982,2002,99.0,10,,16,24.2,6.0,16.0,1,16,2,3,4,2,32396.0,37,True
117,191x,7,10,1,937,913,102.63,7,,10,22.9,8.0,10.0,8,10,2,3,4,2,6815.0,35,True
715,197x,12,10,0,2149,2140,100.42,6,,12,24.2,5.0,12.0,1,12,2,2,4,3,19903.0,34,True
1545,195x,13,5,0,1309,959,136.5,3,Finalist,12,22.9,10.0,12.0,2,12,3,1,7,3,26658.0,40,True
980,193x,7,11,0,1526,1703,89.61,8,,12,24.1,10.0,12.0,8,12,2,3,3,2,13284.0,35,True
1423,201x,11,11,0,2091,2090,100.05,11,,18,24.5,8.0,17.0,9,18,1,4,6,0,45227.0,39,True
1331,197x,19,3,0,2356,1878,125.45,1,Finalist,12,22.4,3.0,12.0,4,12,4,2,10,2,33326.0,35,True
1465,193x,9,9,0,1393,1406,99.08,7,,12,23.9,7.0,12.0,4,12,3,2,5,2,13431.0,35,False
453,195x,8,10,0,1404,1477,95.06,8,,12,23.4,12.0,12.0,4,12,5,3,4,1,16497.0,41,True
1171,190x,7,9,1,635,831,76.41,5,,8,24.7,8.0,8.0,8,8,2,2,3,3,,34,True
1294,199x,15,7,0,2294,1918,119.6,1,Runner-up,16,24.4,10.0,16.0,6,16,2,3,7,4,40856.0,34,True
678,197x,12,10,0,2153,2104,102.33,5,Finalist,12,23.8,8.0,12.0,6,12,3,3,6,3,21751.0,34,True
1484,189x,8,9,0,617,546,113.0,5,,8,23.4,6.0,8.0,6,8,3,3,3,0,,32,True
1295,194x,13,5,0,1864,1431,130.26,4,Runner-up,12,25.0,3.0,12.0,1,11,0,3,5,4,21510.0,35,True
1438,197x,2,20,0,1798,2398,74.98,12,,12,23.1,9.0,12.0,8,12,0,2,1,1,14263.0,42,False
326,199x,3,19,0,1976,2842,69.53,15,,15,24.5,14.0,14.0,14,15,1,2,1,0,11339.0,42,False
663,198x,17,5,0,2399,1957,122.59,2,Runner-up,12,24.3,5.0,12.0,10,12,6,0,8,2,45986.0,39,True
726,194x,10,9,1,1837,1614,113.82,8,,12,24.6,3.0,12.0,1,12,2,1,3,3,14500.0,36,True
1422,195x,13,5,0,1595,1293,123.36,2,Runner-up,12,24.7,1.0,12.0,9,12,4,3,5,1,29538.0,31,True
1322,200x,13,9,0,2011,1992,100.95,6,Finalist,16,24.3,5.0,16.0,8,16,4,2,6,3,57315.0,38,True
1001,201x,14,8,0,2174,1734,125.37,4,Finalist,16,25.6,3.0,16.0,10,17,3,4,6,2,36494.0,34,True
642,193x,10,8,0,1416,1428,99.16,6,,12,24.8,6.0,12.0,6,12,2,2,4,4,13046.0,34,True
647,202x,10,12,1,1856,1983,93.6,13,,18,25.7,7.0,18.0,18,18,2,3,4,1,49180.0,36,True
1346,197x,11,10,1,1958,2023,96.79,5,Finalist,12,23.3,7.0,12.0,7,12,5,5,4,2,22811.0,34,True
1286,196x,11,7,0,1630,1328,122.74,5,,12,22.6,2.0,12.0,4,12,2,3,5,3,27988.0,34,True
1579,198x,8,14,0,1932,2197,87.94,9,,12,24.8,9.0,12.0,6,12,4,5,5,1,20245.0,39,True
1292,198x,11,10,1,2355,2348,100.3,6,,14,24.2,9.0,12.0,9,14,4,2,4,2,18540.0,37,True
1411,196x,7,10,1,1234,1310,94.2,8,,12,23.0,7.0,12.0,12,12,1,4,3,3,15020.0,39,True
1394,198x,15,7,0,2566,1809,141.85,3,Runner-up,12,25.1,4.0,12.0,1,14,0,1,5,4,37269.0,39,True
1555,201x,11,10,1,2217,2217,100.0,8,Finalist,17,24.1,14.0,16.0,11,18,4,1,4,3,51460.0,35,True
1495,200x,15,7,0,2378,1940,122.58,3,Finalist,16,25.1,3.0,16.0,4,16,1,4,8,3,39217.0,31,True
813,199x,13,9,0,2106,1905,110.55,5,Finalist,15,23.8,9.0,15.0,7,16,3,3,4,2,27915.0,36,True
660,192x,10,6,0,1224,1092,112.09,3,Finalist,9,25.0,2.0,9.0,5,12,3,2,5,2,23173.0,36,True
1041,197x,17,5,0,2301,1957,117.58,2,Premier,12,23.5,2.0,12.0,1,12,3,1,10,3,40061.0,36,True
571,196x,7,11,0,1304,1413,92.29,8,,12,23.1,9.0,12.0,11,12,3,3,2,1,17729.0,38,False
696,197x,14,7,1,2338,1747,133.83,3,Finalist,12,22.8,4.0,12.0,1,12,1,5,7,1,34804.0,36,True
592,189x,4,9,1,509,485,104.95,6,,8,23.8,,,3,8,0,3,2,0,3000.0,37,True
1143,200x,4,18,0,2167,2911,74.44,15,,16,23.3,16.0,16.0,11,16,2,2,0,0,39307.0,35,True
1305,200x,21,1,0,2816,1770,159.1,1,Premier,16,25.2,1.0,16.0,1,16,0,1,11,4,54273.0,31,True
1219,195x,9,9,0,1428,1515,94.26,8,,12,23.1,8.0,12.0,6,12,3,3,2,1,20993.0,37,True
537,191x,6,5,1,803,803,100.0,2,Finalist,4,25.3,1.0,9.0,1,6,3,3,3,2,9690.0,27,True
1089,201x,16,6,0,2290,1629,140.58,3,Premier,18,25.7,7.0,17.0,4,18,3,3,8,3,31901.0,31,False
554,197x,15,7,0,2124,1803,117.8,3,Premier,12,24.5,3.0,12.0,1,12,4,3,6,3,29371.0,38,True
1230,191x,6,12,0,1072,1148,93.38,8,,10,24.7,3.0,10.0,6,10,3,3,4,2,5642.0,39,True
765,195x,10,8,0,1409,1310,107.56,5,,12,23.4,4.0,12.0,8,12,4,4,4,3,22774.0,36,True
1498,189x,8,9,0,586,648,90.43,5,,8,25.0,5.0,8.0,6,8,3,1,2,2,,39,False
496,197x,16,6,0,2146,1911,112.3,2,Premier,12,23.1,2.0,12.0,5,12,4,2,7,4,37323.0,37,True
98,201x,14,8,0,2145,2000,107.25,9,,18,24.8,11.0,18.0,7,18,4,1,8,1,47093.0,36,True
1050,193x,6,12,0,1380,1706,80.89,9,,12,24.7,11.0,12.0,7,12,1,2,1,1,13806.0,43,True
578,201x,7,15,0,1532,2212,69.26,15,,18,24.0,12.0,18.0,17,18,4,1,4,2,21384.0,40,False
1302,194x,3,15,0,1454,1775,81.92,11,,12,24.7,11.0,12.0,7,11,1,3,0,0,10116.0,37,True
759,198x,12,10,0,2315,2247,103.03,6,,12,24.2,10.0,12.0,4,12,4,2,4,4,36463.0,42,True
885,195x,12,5,1,1567,1129,138.8,1,Premier,12,23.1,1.0,12.0,1,12,2,4,4,3,37096.0,36,True
914,200x,20,2,0,2197,1411,155.71,1,Runner-up,16,25.4,4.0,16.0,3,16,4,2,10,3,41157.0,30,True
1068,200x,10,12,0,2156,2200,98.0,10,,16,23.7,10.0,16.0,6,16,2,4,2,1,28374.0,37,False
213,192x,8,7,1,1138,1043,109.11,5,,9,24.0,1.0,9.0,6,9,0,1,2,2,16901.0,28,True
402,197x,17,5,0,2558,1979,129.26,1,Premier,12,24.0,2.0,12.0,4,12,1,2,9,4,35294.0,38,True
812,199x,15,6,1,2206,1752,125.91,4,Premier,15,24.2,1.0,15.0,6,15,1,2,6,4,28362.0,37,False
892,201x,12,10,0,1932,1838,105.11,11,,18,24.9,7.0,18.0,8,18,0,2,5,3,46670.0,39,True
407,200x,15,7,0,2259,1858,121.58,2,Runner-up,16,24.1,4.0,16.0,13,16,1,0,8,4,53713.0,31,True
784,195x,9,9,0,1384,1403,98.65,7,,12,23.3,8.0,12.0,5,12,1,1,4,4,22106.0,37,True
1488,201x,10,12,0,1749,2123,82.38,10,,16,24.5,10.0,16.0,16,17,6,2,4,4,24298.0,37,False
1279,194x,11,7,1,1895,1509,125.58,5,,12,24.1,4.0,12.0,6,12,2,3,4,2,23721.0,35,True
1058,191x,16,2,0,1137,788,144.29,1,Premier,10,24.3,5.0,10.0,3,10,3,0,7,4,35218.0,34,True
657,201x,15,7,0,1902,1691,112.48,5,Finalist,18,25.7,2.0,18.0,5,18,2,2,7,2,45700.0,34,False
627,199x,7,15,0,1739,2277,76.37,15,,16,23.8,12.0,16.0,15,16,2,1,1,0,25138.0,39,False
989,192x,9,9,0,1376,1495,92.04,7,,12,25.0,7.0,12.0,2,12,4,3,5,1,18729.0,37,True
742,192x,14,4,0,1507,1233,122.22,3,Finalist,12,25.9,5.0,12.0,5,12,5,2,6,2,20651.0,32,True
698,201x,3,19,0,1534,2726,56.27,17,,17,21.8,,,17,18,2,1,2,0,22075.0,46,False
101,193x,11,7,0,1495,1259,118.75,4,Runner-up,12,23.6,7.0,12.0,1,12,2,2,4,3,17401.0,32,True
822,191x,10,8,0,994,979,101.53,6,,10,22.3,7.0,10.0,10,10,1,3,5,1,6532.0,27,True
416,194x,13,7,0,1718,1607,106.91,4,Premier,12,25.7,5.0,12.0,6,12,7,3,7,5,21897.0,35,True
514,195x,10,8,0,1308,1365,95.82,6,,12,24.0,4.0,12.0,2,12,3,0,2,4,20815.0,32,True
1102,194x,10,8,0,1730,1555,111.25,5,,12,25.9,5.0,12.0,1,12,1,4,5,5,14250.0,31,True
1086,195x,13,5,0,1420,1128,125.89,2,Runner-up,12,23.0,2.0,12.0,5,12,2,0,6,2,38741.0,35,True
957,200x,12,10,0,2198,2251,97.65,8,Finalist,16,24.5,9.0,16.0,6,16,2,2,6,4,34579.0,34,True
797,194x,10,5,0,1296,1125,115.2,2,Runner-up,11,25.0,1.0,11.0,3,12,2,3,6,1,15424.0,31,True
207,197x,18,4,0,2560,1959,130.68,1,Runner-up,12,24.1,12.0,12.0,3,12,3,3,9,3,40976.0,39,True
140,198x,9,13,0,2220,2557,86.82,8,,12,23.1,8.0,12.0,9,12,2,2,4,1,28397.0,36,True
1081,199x,13,8,1,2353,2047,114.95,7,Finalist,16,24.5,2.0,16.0,2,16,1,2,6,2,36939.0,33,True
42,198x,16,6,0,2789,2183,127.76,1,Finalist,12,25.1,5.0,12.0,11,12,0,2,7,2,23566.0,36,True
1046,193x,13,5,0,1702,1488,114.38,3,Finalist,12,24.5,1.0,12.0,5,12,4,2,6,3,24266.0,33,True
237,202x,8,14,0,1721,1986,86.66,14,,18,24.0,15.0,18.0,10,18,2,3,3,3,28273.0,38,False
388,192x,12,6,0,1548,1169,132.42,5,,12,25.5,3.0,12.0,3,12,1,1,5,3,17528.0,31,True
297,200x,12,10,0,2134,1906,111.96,6,Finalist,16,23.9,4.0,16.0,10,16,3,3,3,3,35815.0,37,True
428,194x,5,14,0,1280,1690,75.74,11,,12,24.8,11.0,12.0,12,12,2,1,2,2,11140.0,31,True
401,197x,14,8,0,1914,1828,104.7,4,Finalist,12,22.8,9.0,12.0,12,12,5,3,6,3,24772.0,35,False
607,198x,16,6,0,2470,2087,118.35,2,Finalist,12,24.5,10.0,12.0,3,14,3,4,8,2,27705.0,31,False
1198,190x,17,1,0,1125,664,169.43,1,Premier,10,25.4,1.0,8.0,2,10,7,0,8,5,39466.0,30,True
1119,201x,16,6,0,2012,1657,121.42,2,Premier,18,25.1,8.0,18.0,5,18,5,1,8,4,45771.0,33,False
662,192x,5,11,0,1022,1164,87.8,6,,9,25.1,6.0,9.0,9,9,1,2,4,0,6201.0,32,True
1187,197x,9,13,0,2390,2383,100.29,8,,12,24.4,5.0,12.0,10,12,1,0,2,1,19844.0,35,False
1407,201x,8,13,1,2069,2396,86.35,12,,17,23.1,15.0,16.0,12,18,2,1,4,3,40695.0,37,True
533,198x,4,18,0,2188,3052,71.69,11,,12,24.0,10.0,12.0,12,12,1,0,1,1,19982.0,43,True
66,198x,10,12,0,2102,2428,86.57,7,,12,23.5,12.0,12.0,7,12,3,2,4,3,20441.0,39,True
15,200x,4,18,0,1917,2642,72.56,15,,16,24.2,16.0,16.0,15,16,3,2,3,1,28077.0,39,True
1216,190x,4,12,1,726,940,77.23,7,,8,23.8,4.0,8.0,6,8,1,1,1,1,,34,True
1095,201x,19,3,0,2548,1619,157.38,2,Premier,17,25.7,2.0,16.0,6,18,6,2,9,4,43820.0,35,True
504,193x,7,11,0,1411,1581,89.25,9,,12,24.2,11.0,12.0,10,12,2,3,2,3,14472.0,34,True
389,192x,11,5,0,1131,971,116.48,2,Finalist,9,25.5,3.0,9.0,8,12,3,2,4,3,23515.0,32,False
194,190x,10,7,0,756,617,122.53,4,,8,24.4,3.0,8.0,3,8,1,1,2,4,,35,True
780,192x,8,10,0,1175,1082,108.6,7,,12,23.6,9.0,12.0,4,12,2,6,3,1,12449.0,34,True
223,195x,10,7,1,1533,1351,113.47,5,,12,24.2,3.0,12.0,2,12,3,4,2,3,19597.0,33,True
809,199x,12,10,0,2190,1879,116.55,7,Finalist,15,25.0,10.0,15.0,9,16,1,3,8,3,33234.0,32,True
1109,191x,14,4,0,1160,739,156.97,1,Runner-up,10,24.7,2.0,10.0,2,10,1,3,7,2,25496.0,26,False
901,192x,11,7,0,1441,1275,113.02,5,,12,24.7,8.0,12.0,6,12,4,3,7,3,17205.0,32,True
347,193x,1,17,0,969,1869,51.85,12,,12,23.6,12.0,12.0,12,12,0,1,0,0,9342.0,47,True
736,197x,6,16,0,1903,2426,78.44,11,,12,22.7,10.0,12.0,6,12,3,1,0,3,16144.0,34,True
304,200x,10,12,0,2139,2164,98.84,11,,16,24.2,2.0,16.0,13,16,1,3,5,1,35393.0,36,False
1045,196x,10,7,1,1469,1258,116.77,5,,12,23.8,2.0,12.0,10,12,4,3,4,3,21899.0,35,True
1315,197x,7,14,1,1860,2109,88.19,9,,12,21.9,7.0,12.0,5,12,3,3,4,3,15610.0,39,True
1528,195x,11,7,0,1321,1132,116.7,3,Finalist,12,22.9,7.0,12.0,6,12,2,4,4,3,26933.0,36,True
467,200x,12,10,0,2085,2026,102.91,8,Finalist,16,24.4,11.0,16.0,3,16,3,3,6,3,34369.0,37,False
1618,191x,10,6,0,1150,901,127.64,3,Finalist,9,26.7,3.0,8.0,3,9,2,2,4,3,25580.0,34,True
833,199x,7,14,1,1809,2415,74.91,13,,15,24.1,12.0,15.0,14,16,3,2,3,3,23287.0,41,True
278,197x,5,17,0,2117,2492,84.95,11,,12,23.3,6.0,12.0,12,12,2,4,2,1,19461.0,42,True
1024,196x,10,9,1,1941,1893,102.54,6,,12,22.8,1.0,12.0,11,12,2,3,4,2,21178.0,38,True
208,191x,1,17,0,692,1111,62.29,10,,10,23.9,10.0,10.0,9,10,0,3,0,1,4556.0,59,True
167,201x,12,10,0,1953,2041,95.69,9,,18,24.5,14.0,18.0,11,18,3,2,5,3,31164.0,35,True
746,197x,8,14,0,2203,2337,94.27,10,,12,22.5,9.0,12.0,5,12,2,6,3,0,24204.0,38,True
411,200x,9,12,1,2335,2246,103.96,12,,16,24.4,10.0,16.0,16,16,0,2,4,2,28361.0,34,True
719,197x,15,7,0,2041,1748,116.76,3,Runner-up,12,24.4,3.0,12.0,3,12,6,2,8,3,28903.0,38,True
1164,193x,6,12,0,1561,1709,91.34,9,,12,24.6,9.0,12.0,12,12,2,2,1,1,11771.0,39,True
580,199x,15,6,1,2096,1943,107.87,3,Finalist,16,23.6,9.0,15.0,9,16,4,2,7,3,44184.0,33,True
1455,193x,6,12,0,1565,1840,85.05,8,,12,24.4,8.0,12.0,10,12,0,3,2,2,11881.0,37,True
1051,199x,8,14,0,1873,2144,87.36,15,,16,25.3,8.0,16.0,13,16,2,2,3,0,32302.0,34,True
1055,200x,3,18,1,1791,2415,74.16,16,,16,24.0,16.0,16.0,15,16,1,3,1,1,36979.0,37,True
1453,192x,10,6,0,1085,966,112.32,4,Runner-up,9,26.8,1.0,9.0,3,9,3,3,5,3,40329.0,31,True
1138,196x,13,4,1,1328,1042,127.45,4,Finalist,12,23.0,2.0,12.0,3,12,2,2,6,3,34922.0,33,True
212,199x,11,10,1,1879,2054,91.48,7,Finalist,16,23.1,5.0,15.0,15,16,2,0,6,2,24164.0,39,True
36,200x,10,12,0,2254,2219,101.58,10,,16,25.3,8.0,16.0,7,16,1,6,4,3,26749.0,36,False
793,200x,10,12,0,2254,2198,102.55,11,,16,25.2,3.0,16.0,14,16,1,3,3,3,33526.0,40,False
521,194x,11,8,0,1742,1488,117.07,6,,12,24.8,4.0,12.0,2,12,3,5,6,4,20471.0,35,True
1493,199x,15,7,0,2201,1758,125.2,4,Finalist,16,24.3,5.0,16.0,5,16,1,1,6,3,30807.0,36,False
1521,193x,9,9,0,1623,1670,97.19,6,,12,24.0,10.0,12.0,6,12,5,2,4,2,12506.0,35,True
1596,201x,13,9,0,2045,1554,131.6,8,Finalist,18,25.1,2.0,18.0,1,18,2,4,5,2,42214.0,40,True
1430,194x,8,11,0,1328,1589,83.57,8,,12,24.7,10.0,12.0,1,12,3,1,3,3,12386.0,39,True
93,191x,8,10,0,1084,1077,100.65,8,,10,24.2,7.0,10.0,6,9,1,3,2,2,10400.0,36,True
1403,196x,4,16,0,1643,2035,80.74,11,,12,22.2,11.0,12.0,10,12,1,4,1,0,13533.0,39,True
921,202x,17,4,1,1888,1443,130.84,1,Premier,18,25.7,9.0,18.0,2,18,4,2,10,5,28813.0,34,True
579,196x,14,4,0,1467,1173,125.06,1,Premier,12,22.7,5.0,12.0,9,12,4,1,7,5,30540.0,30,True
1409,195x,13,5,0,1530,1262,121.24,3,Runner-up,12,24.4,1.0,12.0,8,12,5,1,5,4,29724.0,36,True
794,192x,11,5,0,1120,968,115.7,2,Runner-up,9,26.6,3.0,9.0,3,9,4,4,4,3,25092.0,29,True
248,201x,11,11,0,1872,1891,99.0,11,,18,23.0,16.0,18.0,4,18,2,1,3,2,18274.0,38,False
13,197x,7,14,1,2015,2463,81.81,9,,12,23.5,11.0,12.0,10,12,2,0,3,1,18293.0,42,True
324,197x,19,3,0,2460,1601,153.65,1,Premier,12,23.2,8.0,12.0,6,12,3,1,9,4,29676.0,31,True
615,191x,14,2,0,1168,703,166.15,1,Runner-up,9,26.0,5.0,10.0,2,4,1,2,7,2,28363.0,25,True
397,196x,5,12,1,1190,1318,90.29,10,,12,22.8,6.0,12.0,6,12,3,3,2,1,22480.0,36,True
1337,193x,6,11,1,1482,1661,89.22,8,,12,24.6,10.0,12.0,7,12,3,3,2,2,11808.0,38,True
173,192x,5,11,0,940,1266,74.25,8,,9,26.8,9.0,9.0,6,9,0,0,3,1,10757.0,35,True
860,201x,12,10,0,1956,1859,105.22,8,Finalist,18,26.7,8.0,18.0,15,18,3,2,5,0,31361.0,34,True
21,199x,5,17,0,2160,2938,73.52,13,,15,23.4,13.0,15.0,14,15,1,2,1,1,21572.0,37,True
661,197x,9,13,0,2092,2234,93.64,10,,12,23.0,12.0,12.0,6,12,3,4,2,2,19874.0,39,True
1551,192x,6,8,2,1096,1149,95.39,6,,9,26.1,8.0,9.0,6,9,3,2,2,3,10650.0,32,True
1189,195x,7,11,0,1425,1611,88.45,10,,12,23.1,7.0,12.0,11,12,1,4,2,1,20927.0,38,True
1571,191x,5,7,0,792,881,89.9,3,Finalist,4,24.2,6.0,9.0,6,6,3,3,2,2,11728.0,30,True
851,193x,14,3,1,1526,1096,139.23,2,Premier,12,24.7,2.0,12.0,1,12,4,2,7,5,23802.0,29,True
1306,200x,11,11,0,2232,2088,106.9,9,,16,23.1,15.0,16.0,4,16,3,3,6,2,49236.0,34,True
577,196x,13,6,1,2092,1745,119.89,3,Finalist,12,23.5,3.0,12.0,5,12,1,2,6,3,25800.0,30,True
1578,202x,11,11,0,1703,1715,99.3,10,,18,26.0,10.0,18.0,6,18,2,1,6,2,27034.0,35,True
702,193x,4,14,0,1414,1717,82.35,11,,12,24.0,8.0,12.0,10,12,1,3,2,1,11018.0,34,True
986,199x,7,15,0,2141,2450,87.39,13,,15,23.4,11.0,14.0,13,15,2,3,4,2,21295.0,41,True
196,199x,14,7,1,2209,2023,109.19,6,Finalist,16,24.7,4.0,16.0,14,16,2,4,5,3,44850.0,36,True
1004,202x,9,14,0,1839,2006,91.67,15,,18,25.1,12.0,18.0,13,18,1,3,2,1,19229.0,40,False
716,198x,2,20,0,1764,2680,65.82,11,,12,23.9,10.0,12.0,12,12,1,4,1,0,16852.0,39,True
1542,194x,8,10,0,1695,1760,96.31,7,,12,24.7,7.0,12.0,6,11,3,1,4,3,9874.0,39,True
523,202x,16,6,0,1936,1483,130.55,2,Finalist,18,25.9,1.0,18.0,4,18,2,2,8,2,39490.0,33,True
1115,196x,9,11,0,1803,1747,103.21,7,,12,22.9,4.0,12.0,3,12,2,4,3,1,21640.0,37,True
486,201x,6,16,0,1594,2038,78.21,16,,18,24.6,14.0,18.0,18,18,3,2,2,1,39710.0,39,True
878,195x,7,11,0,1224,1433,85.42,9,,12,24.2,2.0,12.0,7,12,2,3,3,2,15000.0,36,True
764,198x,15,7,0,2608,2059,126.66,3,Finalist,12,24.7,6.0,12.0,5,12,2,2,8,2,24687.0,35,True
259,201x,10,11,1,2169,1943,111.63,12,,18,23.8,12.0,17.0,5,18,1,5,5,3,39614.0,37,True
22,199x,6,16,0,1850,2293,80.68,14,,16,24.5,4.0,16.0,3,16,2,2,1,0,31337.0,38,True
1377,193x,12,6,0,1942,1652,117.55,4,Runner-up,12,24.2,3.0,12.0,2,12,3,2,5,4,27875.0,35,True
471,198x,12,10,0,2186,2017,108.38,6,,14,24.3,9.0,14.0,2,14,0,1,4,2,23379.0,41,True
1220,199x,12,10,0,2018,1926,104.78,9,,16,23.8,13.0,16.0,12,16,2,1,1,2,46537.0,37,True
285,199x,2,20,0,1617,2780,58.17,16,,16,23.5,14.0,15.0,16,16,1,1,2,0,15819.0,37,True
984,202x,12,10,0,1973,1812,108.89,8,Finalist,18,25.6,5.0,18.0,9,18,3,1,5,2,28600.0,41,True
1252,198x,15,7,0,2846,2197,129.54,3,Finalist,14,25.3,2.0,12.0,7,14,3,2,7,1,25753.0,32,False
395,196x,13,7,0,2060,1653,124.62,4,Premier,12,23.0,5.0,12.0,6,12,2,5,6,5,38644.0,39,True
823,190x,7,10,0,844,989,85.34,6,,8,24.7,7.0,8.0,10,10,4,3,4,1,,32,True
1479,192x,6,8,2,957,921,103.91,5,,9,25.8,2.0,9.0,3,9,1,3,2,2,16078.0,33,True
1558,200x,5,17,0,1899,2344,81.02,14,,16,24.0,6.0,16.0,5,16,2,3,1,0,29279.0,33,True
353,194x,14,5,0,1471,1235,119.11,1,Finalist,12,24.5,8.0,12.0,2,12,5,0,5,2,22475.0,36,True
787,192x,10,6,0,1083,1057,102.46,4,Runner-up,9,25.6,8.0,9.0,7,12,3,0,5,4,22465.0,38,True
1372,196x,6,11,1,1311,1373,95.48,9,,12,22.3,10.0,12.0,6,12,0,3,2,2,15574.0,40,True
136,190x,6,10,1,691,879,78.61,6,,8,25.0,2.0,8.0,4,8,3,2,2,2,,40,True
893,196x,4,14,0,1114,1580,70.51,11,,12,22.7,12.0,12.0,12,12,3,1,2,1,14446.0,40,True
1158,202x,9,12,1,1743,1780,97.92,12,,18,25.4,3.0,18.0,7,18,1,4,3,1,33704.0,40,True
1436,199x,12,8,0,2168,1840,117.83,5,Finalist,15,24.3,9.0,15.0,11,15,2,3,3,2,37691.0,34,False
89,201x,7,15,0,1775,2158,82.25,13,,16,24.2,6.0,16.0,15,17,2,3,3,2,29072.0,36,False
1525,194x,10,8,0,1676,1517,110.48,6,,12,24.4,6.0,12.0,4,11,0,2,4,2,13263.0,35,True
340,197x,16,5,1,2245,1690,132.84,1,Finalist,12,24.3,2.0,12.0,6,12,3,2,7,2,31522.0,33,True
1276,195x,9,9,1,1420,1379,102.97,6,,12,23.3,12.0,12.0,11,12,2,3,5,2,21196.0,34,True
478,200x,4,18,0,1706,2285,74.66,16,,16,23.3,16.0,16.0,12,16,2,3,1,1,28753.0,40,True
126,194x,13,6,0,1649,1366,120.72,4,Premier,12,25.2,1.0,12.0,1,12,0,2,7,5,27620.0,33,True
1074,192x,5,13,0,1461,1709,85.49,10,,12,24.5,6.0,12.0,8,12,3,4,2,2,15306.0,37,False
1128,196x,13,5,0,1501,1071,140.15,4,Finalist,12,23.2,6.0,12.0,6,12,2,4,6,4,32308.0,32,True
1165,192x,7,9,0,1099,1012,108.6,5,,9,26.5,2.0,9.0,7,9,1,3,2,1,8230.0,29,False
1334,190x,1,16,0,681,1397,48.75,8,,8,23.7,8.0,8.0,7,8,1,1,0,0,,44,True
882,195x,6,12,0,1355,1611,84.11,11,,12,22.9,8.0,12.0,3,12,2,3,1,3,19055.0,41,True
1501,202x,9,7,1,965,881,109.53,8,Finalist,18,25.9,4.0,18.0,17,18,2,2,4,2,11815.0,40,True
1161,197x,14,7,1,2370,2085,113.67,4,Finalist,12,23.8,7.0,12.0,7,12,2,1,5,4,32125.0,38,True
